,Name,X,Y,BlueF,GreenF,RedF,Parallax,RadialVelocity,Variable?
8893,b'BackS132915',22.5907,12.9411,5.272e-16,1.122e-15,3.953e-15,0.102,-1.74,0
8894,b'BackS132929',42.8256,2.6782,4.682e-12,9.555e-12,3.021e-11,0.055,-2.57,0
8895,b'BackS132950',16.5534,0.7674,8.419e-19,2.445e-18,1.596e-17,0.023,-1.09,0
8896,b'BackS132967',-23.9836,2.348,4.199e-17,9.201e-17,3.34e-16,0.033,1.62,0
8897,b'BackS133014',8.541,-2.5931,6.84e-17,1.705e-16,8.013e-16,0.077,-0.73,0
8898,b'BackS133037',-29.3699,2.4922,6.219e-20,2.323e-19,2.633e-18,0.028,1.85,0
8899,b'BackS133047',6.8318,-1.0791,3.076e-18,8.347e-18,4.666e-17,0.033,-0.5,0
8900,b'BackS133069',-6.1856,-0.4821,7.694e-14,1.292e-13,2.831e-13,0.014,0.39,0
8901,b'BackS133112',-18.2683,1.5964,7.222e-14,9.149e-14,1.062e-13,0.068,1.44,0
8902,b'BackS133140',-12.5961,0.3695,3.697e-14,5.9e-14,1.083e-13,0.168,1.15,0
8903,b'BackS133183',-10.3834,1.0232,3.47e-15,6.005e-15,1.346e-14,0.085,0.88,0
8904,b'BackS133270',29.7199,-0.1019,8.191e-15,1.105e-14,1.497e-14,0.03,-1.86,0
8905,b'BackS133337',-6.8081,-0.482,1.544e-14,1.98e-14,2.469e-14,0.026,0.48,0
8906,b'BackS133366',-24.6775,0.5913,3.054e-17,6.257e-17,2.046e-16,0.017,1.47,0
8907,b'BackS133651',16.8033,-4.1645,1.096e-09,7.695e-10,2.75e-10,0.132,-1.48,0
8908,b'BackS133653',-16.116,0.35,1.444e-06,1.291e-06,7.466e-07,0.157,1.44,1
8909,b'BackS133654',-28.203,-0.2095,3.01e-11,2.66e-11,1.518e-11,0.125,2.22,0
8910,b'BackS133655',-44.7606,-1.0314,2.232e-10,6.21e-10,3.669e-09,0.108,2.92,0
8911,b'BackS133688',44.3053,1.2203,9.575e-12,7.604e-12,3.382e-12,0.042,-2.51,1
8912,b'BackS133689',33.0056,-2.2315,1.102e-12,9.837e-13,5.45e-13,0.045,-2.14,0
8913,b'BackS133690',22.4281,0.0428,1.14e-10,8.093e-11,3.034e-11,0.044,-1.59,0
8914,b'BackS133691',13.2959,0.7368,4.728e-11,3.57e-11,1.444e-11,0.042,-0.98,0
8915,b'BackS133692',6.5482,-0.4084,5.458e-11,4.155e-11,1.684e-11,0.04,-0.5,0
8916,b'BackS133693',0.6116,-0.6891,1.241e-11,9.601e-12,4.038e-12,0.049,-0.05,1
8917,b'BackS133694',-6.6412,0.1452,1.255e-10,9.047e-11,3.544e-11,0.045,0.52,0
8918,b'BackS133696',-23.1238,1.2201,2.719e-12,5.112e-12,1.375e-11,0.044,1.65,0
8919,b'BackS133697',-24.9744,-0.9295,4.048e-11,3.001e-11,1.196e-11,0.039,1.69,0
8920,b'BackS133728',35.1747,0.2785,6.273e-11,4.463e-11,1.601e-11,0.025,-2.0,0
8921,b'BackS133730',20.7078,0.1088,1.435e-11,1.039e-11,3.913e-12,0.023,-1.34,0
8922,b'BackS133731',17.576,-0.0251,1.166e-18,3.332e-18,2.137e-17,0.027,-1.19,0
8923,b'BackS133732',10.6601,0.08,4.537e-12,3.595e-12,1.663e-12,0.027,-0.74,0
8924,b'BackS133733',5.3157,0.2688,2.084e-11,1.586e-11,6.444e-12,0.026,-0.38,1
8925,b'BackS133822',40.203,3.9449,3.661e-11,3.228e-11,1.77e-11,0.118,-2.8,0
8926,b'BackS133875',36.1259,-0.3557,3.513e-15,5.24e-15,8.361e-15,0.046,-2.28,0
8927,b'BackS133877',18.4702,0.2301,5.206e-11,4.095e-11,1.766e-11,0.047,-1.37,0
8928,b'BackS133878',12.1503,0.4705,1.64e-14,2.096e-14,2.461e-14,0.041,-0.9,0
8929,b'BackS133882',-5.5094,0.2683,2.13e-12,1.748e-12,8.791e-13,0.037,0.42,0
8930,b'BackS133884',-24.0234,4.386,2.592e-13,2.831e-13,2.484e-13,0.053,1.74,0
8931,b'BackS133887',-36.9337,2.1589,8.23e-13,7.795e-13,5.076e-13,0.035,2.21,0
8932,b'BackS133928',44.7525,0.019,1.956e-12,1.595e-12,7.901e-13,0.028,-2.36,0
8933,b'BackS133931',24.0184,-2.7679,5.752e-13,9.592e-13,1.949e-12,0.03,-1.59,0
8934,b'BackS133934',5.4138,-1.642,3.749e-12,3.045e-12,1.42e-12,0.025,-0.39,0
8935,b'BackS133935',1.5918,-0.1968,3.171e-15,4.172e-15,5.172e-15,0.021,-0.11,0
8936,b'BackS133939',-16.5862,1.1356,1.079e-17,2.572e-17,1.144e-16,0.027,1.13,0
20955,b'FrontS132907',-26.6774,1.0465,1.973e-17,4.288e-17,1.521e-16,0.032,-2.9,0
20956,b'FrontS132909',5.3327,0.3353,5.832e-17,1.152e-16,3.559e-16,0.027,0.67,0
20957,b'FrontS132910',-0.3272,-1.2163,2.239e-15,3.613e-15,6.91e-15,0.045,-2.94,0
20958,b'FrontS132911',-0.6032,5.2396,5.239e-16,9.581e-16,2.429e-15,0.046,-1.26,0
20959,b'FrontS132912',-9.7126,0.9426,6.054e-15,8.676e-15,1.325e-14,0.043,-2.3,0
20960,b'FrontS132913',-13.8316,4.0277,2.879e-17,6.059e-17,2.061e-16,0.043,-2.6,0
20961,b'FrontS132914',1.1542,-3.2949,1.847e-13,2.08e-13,1.975e-13,0.051,0.44,0
20962,b'FrontS132918',-4.0599,2.9554,7.256000000000001e-20,2.633e-19,2.695e-18,0.039,-1.16,0
20963,b'FrontS132919',2.1642,-5.4476,9.223e-18,2.441e-17,1.329e-16,0.042,1.25,0
20964,b'FrontS132922',-4.3574,-3.4913,1.886e-12,1.673e-12,9.586e-13,0.043,-1.87,0
20965,b'FrontS132923',43.5602,-1.2997,7.631e-18,1.998e-17,1.056e-16,0.03,3.28,0
20966,b'FrontS132924',-8.2427,5.255,1.159e-18,3.657e-18,2.937e-17,0.042,-2.21,0
20967,b'FrontS132926',-4.6171,0.9388,2.53e-17,6.29e-17,3.021e-16,0.05,-1.6,0
20968,b'FrontS132927',-28.39,4.881,2.267e-17,4.64e-17,1.429e-16,0.052,-3.54,0
20969,b'FrontS132928',26.1914,0.2727,1.058e-17,2.524e-17,1.116e-16,0.03,2.68,0
20970,b'FrontS132930',-10.4579,1.3382,1.542e-17,3.727e-17,1.711e-16,0.041,-2.34,0
20971,b'FrontS132931',-2.5001,-0.5052,3.302e-16,5.773e-16,1.332e-15,0.039,-0.83,0
20972,b'FrontS132932',3.2369,-0.2421,1.512e-14,1.823e-14,1.965e-14,0.033,0.56,0
20973,b'FrontS132934',-3.7083,2.2846,1.464e-12,1.242e-12,6.255e-13,0.032,-0.62,0
20974,b'FrontS132936',5.2944,1.8711,1.018e-17,2.593e-17,1.32e-16,0.03,0.81,0
20975,b'FrontS132940',9.4399,-3.3405,9.816e-16,1.715e-15,3.923e-15,0.04,2.16,0
20976,b'FrontS132942',1.8328,-1.0239,1.249e-19,4.677e-19,5.411e-18,0.037,0.45,0
20977,b'FrontS132943',3.8729,1.6722,3.191e-16,5.524e-16,1.27e-15,0.026,0.49,0
20978,b'FrontS132946',-7.9657,1.6606,5.974e-17,1.146e-16,3.111e-16,0.039,-1.78,0
20979,b'FrontS132948',0.5738,1.3886,2.022e-14,3.034e-14,5.092e-14,0.073,0.11,0
20980,b'FrontS132949',16.1892,0.3156,1.946e-15,2.814e-15,4.169e-15,0.022,1.44,0
20981,b'FrontS132951',-1.4436,-4.165,4.196e-16,7.889e-16,2.115e-15,0.036,-0.41,0
20982,b'FrontS132952',-2.7223,-0.1861,2.544e-17,5.525e-17,1.962e-16,0.05,-1.13,0
20983,b'FrontS132953',-8.904,0.906,4.856e-16,9.191e-16,2.374e-15,0.045,-2.31,0
20984,b'FrontS132954',10.3297,3.3259,2.422e-15,3.624e-15,6.04e-15,0.044,2.56,0
20985,b'FrontS132955',43.724,3.192,8.387e-20,2.699e-19,2.291e-18,0.023,2.85,0
20986,b'FrontS132956',5.609,-1.9733,3.669e-14,4.19e-14,4.111e-14,0.021,0.55,0
20987,b'FrontS132959',-8.8012,-1.3933,9.432e-14,1.076e-13,1.007e-13,0.041,-2.24,0
20988,b'FrontS132960',5.606,-0.7912,4.131e-17,1.085e-16,5.926e-16,0.202,0.67,0
20989,b'FrontS132961',-26.3121,-15.0964,8.096e-14,1.146e-13,1.64e-13,0.158,-2.7,0
20990,b'FrontS132962',18.9048,-2.5223,1.792e-18,4.936e-18,2.912e-17,0.035,2.65,0
20991,b'FrontS132963',-0.5769,-0.8005,1.154e-13,1.172e-13,8.374e-14,0.021,-0.06,0
20992,b'FrontS132964',-1.048,0.4267,9.453e-14,9.771e-14,7.529e-14,0.028,-0.14,0
20993,b'FrontS132966',7.7412,1.1672,1.255e-16,2.425e-16,7.118e-16,0.034,1.36,0
20994,b'FrontS132968',-7.0662,2.3084,7.767e-19,2.297e-18,1.575e-17,0.034,-1.24,0
20995,b'FrontS132969',-26.9056,-1.6688,1.513e-12,3.017e-12,9.248e-12,0.045,-3.49,0
20996,b'FrontS132970',8.4925,-7.1073,2.101e-15,3.874e-15,9.718e-15,0.076,1.31,0
20997,b'FrontS132971',15.1717,1.242,5.712e-17,1.264e-16,4.716e-16,0.042,2.68,0
20998,b'FrontS132972',-37.2305,1.254,2.102e-16,3.794e-16,9.392e-16,0.037,-3.54,0
20999,b'FrontS132973',-11.4,-0.6929,6.199000000000001e-20,2.649e-19,4.013e-18,0.034,-1.84,0
21000,b'FrontS132974',29.5464,-4.3679,4.401e-14,6.643e-14,1.108e-13,0.137,3.06,0
21001,b'FrontS132978',-15.6091,-8.6794,1.163e-14,1.566e-14,2.076e-14,0.042,-2.83,0
21002,b'FrontS132979',11.1451,-1.3845,6.849e-13,5.899e-13,3.25e-13,0.026,1.29,0
21003,b'FrontS132980',11.7468,-3.0208,3.15e-16,5.744e-16,1.395e-15,0.056,2.26,0
21004,b'FrontS132981',30.6829,-4.8083,5.057e-13,4.966e-13,3.551e-13,0.039,3.41,0
21005,b'FrontS132982',-3.9437,-2.8393,2.939e-18,7.609e-18,3.814e-17,0.044,-1.93,0
21006,b'FrontS132983',0.9238,1.8722,2.38e-15,3.942e-15,8.007e-15,0.044,1.39,0
21007,b'FrontS132985',-26.9802,0.6244,1.057e-16,2.4e-16,9.682e-16,0.064,-3.45,0
21008,b'FrontS132986',25.6075,1.9653,4.876e-16,3.523e-16,1.355e-16,0.083,3.15,0
21009,b'FrontS132987',-24.0958,-1.8511,1.28e-16,2.592e-16,7.845e-16,0.035,-2.96,0
21010,b'FrontS132988',13.2152,3.2704,3.18e-13,3.016e-13,2.022e-13,0.033,2.03,0
21011,b'FrontS132989',-10.3127,-0.4682,7.026e-17,1.558e-16,5.614e-16,0.035,-1.75,0
21012,b'FrontS132990',5.4554,0.4878,6.482e-17,1.367e-16,4.503e-16,0.034,1.0,0
21013,b'FrontS132991',-14.1203,1.3572,1.152e-12,2.208e-12,6.077e-12,0.036,-2.17,0
21014,b'FrontS132993',-8.3365,0.1284,8.134e-18,1.991e-17,9.557e-17,0.042,-2.06,0
21015,b'FrontS132994',31.649,-2.3002,7.182e-18,1.673e-17,7.155e-17,0.02,2.3,0
21016,b'FrontS132995',1.6271,-2.7475,1.234e-16,2.536e-16,8.219e-16,0.045,2.1,0
21017,b'FrontS132996',0.5474,-5.6883,4.318e-08,2.947e-08,1.012e-08,0.045,1.04,0
21018,b'FrontS132997',-1.3104,3.2469,1.2e-18,3.824e-18,3.139e-17,0.048,-0.77,0
21019,b'FrontS132999',3.3794,5.4517,1.273e-12,2.499e-12,7.554e-12,0.049,1.37,0
21020,b'FrontS133000',-0.9398,2.1052,1.679e-18,4.836e-18,3.299e-17,0.029,-0.13,0
21021,b'FrontS133001',-22.5045,1.7429,2.59e-12,5.37e-12,1.699e-11,0.054,-3.23,0
21022,b'FrontS133002',23.0012,2.7542,1.401e-14,2.081e-14,3.436e-14,0.09,2.89,0
21023,b'FrontS133003',9.0654,0.4749,2.04e-12,3.468e-12,7.409e-12,0.035,1.65,0
21024,b'FrontS133006',2.6105,2.4641,8.978e-13,8.2e-13,4.921e-13,0.039,0.81,0
21025,b'FrontS133007',23.2256,-1.7926,1.04e-13,1e-13,6.656e-14,0.018,1.77,0
21026,b'FrontS133009',2.5364,-1.4331,6.508e-14,8.051e-14,8.602e-14,0.039,0.83,0
21027,b'FrontS133010',-0.8336,1.2894,4.526e-14,5.853e-14,7.254e-14,0.063,-0.17,0
21028,b'FrontS133013',-2.9062,-5.0863,1.138e-14,1.506e-14,1.951e-14,0.044,-2.02,0
21029,b'FrontS133015',0.643,0.0643,4.687e-16,7.206e-16,1.339e-15,0.019,0.06,0
21030,b'FrontS133016',-1.769,-1.8702,3.529e-18,8.968e-18,4.583e-17,0.043,-1.61,0
21031,b'FrontS133018',15.6763,-2.4889,3.132e-18,8.747e-18,5.442e-17,0.033,2.24,0
21032,b'FrontS133020',6.6934,-4.7743,7.327e-19,2.405e-18,2.084e-17,0.045,2.1,0
21033,b'FrontS133021',20.1617,-1.7473,4.944e-17,1.373e-16,8.381e-16,0.097,2.56,0
21034,b'FrontS133022',-3.558,0.6371,1.343e-12,1.194e-12,6.949e-13,0.042,-1.57,0
21035,b'FrontS133024',-11.2041,-1.4526,7.281e-17,1.407e-16,3.923e-16,0.029,-1.49,0
21036,b'FrontS133025',44.4108,-1.0232,5.779e-17,1.218e-16,4.079e-16,0.033,3.34,0
21037,b'FrontS133026',11.5671,0.0791,1.728e-17,3.716e-17,1.366e-16,0.019,1.03,0
21038,b'FrontS133027',-7.2006,-4.2539,4.416e-14,5.54e-14,6.366e-14,0.054,-1.77,0
21039,b'FrontS133028',-1.5448,2.7687,2.958e-19,1.012e-18,9.964e-18,0.046,-2.04,0
21040,b'FrontS133029',2.6704,-0.5653,3.819e-16,6.713e-16,1.569e-15,0.044,2.28,0
21041,b'FrontS133030',4.0089,-2.2414,5.252e-17,1.155e-16,4.261e-16,0.05,1.5,0
21042,b'FrontS133031',4.0378,-0.1954,7.579e-18,1.582e-17,5.281e-17,0.023,0.45,0
21043,b'FrontS133032',-1.2753,0.4435,1.124e-13,1.189e-13,9.947e-14,0.039,-0.36,0
21044,b'FrontS133033',-1.2552,1.4869,1.08e-14,1.481e-14,2.01e-14,0.044,-2.22,0
21045,b'FrontS133034',2.9884,-5.0831,1.97e-17,4.909e-17,2.361e-16,0.043,1.56,0
21046,b'FrontS133036',0.28,-4.5268,5.464e-16,9.728e-16,2.29e-15,0.043,0.28,0
21047,b'FrontS133038',10.1785,-2.4517,3.6400000000000005e-20,1.318e-19,1.374e-18,0.019,0.88,0
21048,b'FrontS133040',-24.6413,2.0678,4.031e-17,7.922e-17,2.334e-16,0.02,-1.94,0
21049,b'FrontS133042',-32.3257,-2.897,2.676e-17,6.731e-17,3.396e-16,0.055,-3.77,0
21050,b'FrontS133043',12.8755,-0.0745,5.817e-14,7.205e-14,7.915e-14,0.044,2.56,0
21051,b'FrontS133044',-5.4293,-2.6028,2.998e-14,3.919e-14,4.902e-14,0.058,-1.34,0
21052,b'FrontS133045',-0.991,-5.2415,6.53e-18,1.708e-17,8.79e-17,0.044,-1.83,0
21053,b'FrontS133046',4.4737,0.7707,3.856e-20,1.355e-19,1.329e-18,0.015,0.36,0
21054,b'FrontS133048',-8.926,-3.9325,4.444e-16,7.655e-16,1.714e-15,0.034,-1.52,0
21055,b'FrontS133049',14.9994,6.8611,2.303e-16,4.547e-16,1.365e-15,0.05,2.76,0
21056,b'FrontS133050',0.2854,0.8767,1.756e-16,1.216e-16,4.21e-17,0.042,0.15,0
21057,b'FrontS133051',1.2816,-0.2563,1.393e-14,1.822e-14,2.265e-14,0.044,2.38,0
21058,b'FrontS133053',-0.6539,-1.0636,1.086e-18,2.607e-18,1.164e-17,0.017,-0.06,0
21059,b'FrontS133054',6.1345,2.1458,1.102e-12,1.639e-12,2.605e-12,0.037,1.35,0
21060,b'FrontS133055',-10.9018,-0.2959,1.491e-15,2.466e-15,4.91e-15,0.038,-2.13,0
21061,b'FrontS133056',2.3995,-0.1348,8.149e-16,1.551e-15,4.302e-15,0.065,0.47,0
21062,b'FrontS133057',-2.0961,0.1245,4.511e-18,1.143e-17,5.64e-17,0.037,-0.52,0
21063,b'FrontS133058',-3.7979,1.9341,7.059e-19,1.884e-18,1.04e-17,0.021,-0.38,0
21064,b'FrontS133059',1.6478,-0.336,1.917e-16,3.723e-16,1.05e-15,0.045,2.31,0
21065,b'FrontS133061',-25.8001,-0.0017,3.447e-19,9.185e-19,4.994e-18,0.012,-1.57,0
21066,b'FrontS133063',-5.5376,0.9847,1.486e-14,1.885e-14,2.245e-14,0.041,-1.73,0
21067,b'FrontS133064',-16.8577,-0.6229,1.007e-15,1.507e-15,2.467e-15,0.016,-1.27,0
21068,b'FrontS133065',-0.5542,-1.7061,1.772e-14,2.273e-14,2.745e-14,0.051,-0.23,0
21069,b'FrontS133066',-40.3569,7.3424,1.805e-15,3.197e-15,7.607e-15,0.065,-3.96,0
21070,b'FrontS133067',38.6202,-6.6761,5.678e-18,1.825e-17,1.491e-16,0.062,3.9,0
21071,b'FrontS133068',-12.3365,4.1107,4.595e-18,1.174e-17,6.048e-17,0.039,-2.23,0
21072,b'FrontS133070',8.0791,-2.7091,1.512e-17,3.779e-17,1.862e-16,0.036,1.5,0
21073,b'FrontS133071',-7.1379,0.1793,2.001e-16,3.99e-16,1.239e-15,0.045,-2.24,0
21074,b'FrontS133072',-22.9589,1.875,4.481e-08,3.185e-08,1.141e-08,0.034,-2.72,0
21075,b'FrontS133074',-12.9389,5.0722,9.584e-18,2.492e-17,1.305e-16,0.067,-2.03,0
21076,b'FrontS133075',17.8089,-0.0225,2.029e-18,5.129e-18,2.476e-17,0.023,1.68,0
21077,b'FrontS133076',-26.6399,2.8438,4.5660000000000004e-20,1.736e-19,1.973e-18,0.037,-3.13,0
21078,b'FrontS133077',2.3016,-1.6874,3.679e-12,6.851e-12,1.8e-11,0.04,0.92,0
21079,b'FrontS133078',-23.3345,0.5619,9.898e-18,2.662e-17,1.532e-16,0.06,-3.28,0
21080,b'FrontS133079',-5.1213,-0.7569,1.331e-12,1.138e-12,5.84e-13,0.039,-1.3,0
21081,b'FrontS133080',-29.5065,-0.4731,5.161e-15,6.644e-15,8.08e-15,0.019,-2.11,0
21082,b'FrontS133081',-9.9173,4.112,4.028e-19,1.216e-18,8.854e-18,0.037,-1.9,0
21083,b'FrontS133082',1.1676,-0.7382,3.02e-13,2.844e-13,1.786e-13,0.028,0.17,0
21084,b'FrontS133084',38.1102,-2.3938,9.082e-19,2.816e-18,2.121e-17,0.042,3.7,0
21085,b'FrontS133086',-36.7654,4.0443,2.467e-16,4.72e-16,1.328e-15,0.036,-3.47,0
21086,b'FrontS133087',-25.121,4.0128,4.496e-17,9.67e-17,3.544e-16,0.036,-3.09,0
21087,b'FrontS133089',13.5168,-6.3027,1.214e-15,2.084e-15,4.489e-15,0.049,2.64,0
21088,b'FrontS133091',27.6031,-2.3352,6.119e-14,7.581e-14,8.354e-14,0.048,3.53,0
21089,b'FrontS133092',-1.9147,-3.585,2.996e-15,4.75e-15,8.587e-15,0.044,-1.88,0
21090,b'FrontS133094',12.4997,-0.5363,1.733e-16,3.003e-16,6.83e-16,0.023,1.25,0
21091,b'FrontS133095',-27.4283,-4.5193,1.633e-15,2.728e-15,5.609e-15,0.049,-3.54,0
21092,b'FrontS133096',-15.8052,-0.193,2.721e-13,2.77e-13,2.137e-13,0.034,-2.27,0
21093,b'FrontS133097',-27.7036,-0.6073,6.861e-19,1.725e-18,8.816e-18,0.015,-1.83,0
21094,b'FrontS133098',9.0595,-2.6138,3.967e-16,6.959e-16,1.634e-15,0.033,1.47,0
21095,b'FrontS133099',-8.9308,0.6493,1.732e-17,4.35e-17,2.183e-16,0.033,-1.42,0
21096,b'FrontS133100',10.98,-4.3368,1.587e-16,1.094e-16,3.773e-17,0.037,2.04,0
21097,b'FrontS133101',6.3622,1.6082,2.272e-14,2.943e-14,3.6e-14,0.048,2.13,0
21098,b'FrontS133102',27.1546,13.0576,2.715e-12,2.435e-12,1.433e-12,0.063,3.41,0
21099,b'FrontS133103',-1.4124,-4.9226,1.037e-14,1.392e-14,1.89e-14,0.043,-1.38,0
21100,b'FrontS133104',3.5342,-1.7575,8.494e-15,1.346e-14,2.413e-14,0.063,0.71,0
21101,b'FrontS133107',-1.2768,-3.715,1.519e-15,2.753e-15,6.654e-15,0.057,-0.33,0
21102,b'FrontS133108',-0.0418,1.3531,3.191e-17,6.432e-17,1.953e-16,0.038,-0.01,0
21103,b'FrontS133109',-1.9055,-0.7307,2.888e-14,3.734e-14,4.537e-14,0.044,-1.95,0
21104,b'FrontS133111',30.3099,0.8624,9.079e-19,2.647e-18,1.806e-17,0.036,3.29,0
21105,b'FrontS133114',28.8184,1.8773,5.498e-16,1.104e-15,3.337e-15,0.08,3.38,0
21106,b'FrontS133115',12.3536,-1.5026,7.795e-16,5.478e-16,1.936e-16,0.091,1.75,0
21107,b'FrontS133116',8.3936,1.3876,7.413e-13,1.3e-12,2.998e-12,0.047,2.28,0
21108,b'FrontS133117',16.5384,0.1966,2.156e-18,5.686e-18,3.124e-17,0.024,1.69,0
21109,b'FrontS133119',-28.5266,0.2735,4.81e-14,5.059e-14,3.921e-14,0.02,-2.1,0
21110,b'FrontS133120',-9.1675,6.2786,6.398e-17,1.444e-16,5.554e-16,0.055,-1.95,0
21111,b'FrontS133121',3.364,1.0043,6.874e-17,1.577e-16,6.517e-16,0.047,1.82,0
21112,b'FrontS133122',-2.927,-1.5825,1.284e-13,1.398e-13,1.188e-13,0.043,-1.66,0
21113,b'FrontS133123',-28.2298,2.6228,2.091e-16,3.994e-16,1.057e-15,0.031,-2.8,0
21114,b'FrontS133124',-8.5849,1.6967,1.647e-18,4.39e-18,2.473e-17,0.028,-1.12,0
21115,b'FrontS133125',-3.0399,-0.3146,4.627e-12,3.795e-12,1.815e-12,0.046,-2.02,0
21116,b'FrontS133126',34.0299,-0.4068,3.046e-16,6.01e-16,1.698e-15,0.05,3.75,0
21117,b'FrontS133129',-43.0792,10.1617,1.985e-17,4.842e-17,2.269e-16,0.057,-3.97,0
21118,b'FrontS133130',-2.6052,0.7346,2.652e-13,2.543e-13,1.754e-13,0.031,-0.43,0
21119,b'FrontS133131',-0.0424,-1.8181,1.742e-17,3.873e-17,1.449e-16,0.038,-0.02,0
21120,b'FrontS133132',10.9032,-0.9091,4.524e-14,5.382e-14,5.464e-14,0.042,2.4,0
21121,b'FrontS133133',-4.3561,2.7373,1.398e-12,1.291e-12,8.18e-13,0.041,-1.74,0
21122,b'FrontS133134',-11.6527,0.5233,1.523e-17,3.991e-17,2.143e-16,0.053,-2.31,0
21123,b'FrontS133135',-4.8269,0.693,4.905e-15,7.591e-15,1.343e-14,0.044,-2.06,0
21124,b'FrontS133136',42.902,-0.2932,2.639e-17,5.408e-17,1.684e-16,0.019,2.57,0
21125,b'FrontS133137',-0.8919,1.4916,2.575e-15,3.735e-15,5.655e-15,0.046,-2.7,0
21126,b'FrontS133142',-3.3703,-2.218,2.54e-16,4.691e-16,1.235e-15,0.045,-2.02,0
21127,b'FrontS133143',-17.9015,2.4564,1.851e-13,1.96e-13,1.625e-13,0.036,-2.62,0
21128,b'FrontS133144',-21.6007,-0.4121,9.957e-15,1.204e-14,1.327e-14,0.021,-1.84,0
21129,b'FrontS133145',-18.0771,-2.2065,7.168e-17,1.411e-16,4.032e-16,0.025,-1.85,0
21130,b'FrontS133146',-30.9568,-1.3433,9.885e-18,2.421e-17,1.101e-16,0.037,-3.36,0
21131,b'FrontS133147',7.7465,0.412,1.723e-16,3.347e-16,9.835e-16,0.056,1.8,0
21132,b'FrontS133148',6.4586,3.7802,1.225e-14,1.627e-14,2.084e-14,0.042,1.82,0
21133,b'FrontS133149',-21.483,0.18,1.451e-19,5.949e-19,7.93e-18,0.033,-2.7,0
21134,b'FrontS133151',3.0951,-1.7663,2.85e-16,5.691e-16,1.76e-15,0.047,1.78,0
21135,b'FrontS133152',-0.3526,4.3,1.324e-15,2.144e-15,4.278e-15,0.045,-0.52,0
21136,b'FrontS133153',7.9437,-4.6411,1.294e-15,2.102e-15,4.178e-15,0.04,2.03,0
21137,b'FrontS133154',-23.4075,-1.0534,6.874e-13,1.279e-12,3.263e-12,0.036,-2.92,0
21138,b'FrontS133155',19.6842,-1.5371,4.459e-18,1.149e-17,5.919e-17,0.033,2.55,0
21140,b'FrontS133158',-0.4678,2.7395,7.193e-16,1.276e-15,3.07e-15,0.044,-2.05,0
21141,b'FrontS133159',-12.6061,-1.2172,3.994e-17,7.912e-17,2.293e-16,0.016,-0.98,0
21142,b'FrontS133161',3.1523,1.0259,6.778e-17,1.487e-16,5.421e-16,0.038,0.82,0
21143,b'FrontS133163',-4.2622,2.3382,1.038e-13,1.151e-13,9.808e-14,0.032,-0.69,0
21144,b'FrontS133164',8.5602,-5.0697,3.683e-19,1.214e-18,1.048e-17,0.054,2.08,0
21145,b'FrontS133166',-20.6326,-1.882,1.312e-16,2.624e-16,7.686e-16,0.04,-2.99,0
21146,b'FrontS133167',15.4868,0.5587,1.624e-12,2.977e-12,7.654e-12,0.037,2.42,0
21147,b'FrontS133168',23.5311,-0.3355,3.878e-14,4.57e-14,4.647e-14,0.036,2.97,0
21149,b'FrontS133171',38.1659,7.3382,2.458e-13,2.847e-13,2.826e-13,0.073,3.88,0
21150,b'FrontS133172',4.5726,-0.9075,9.52e-14,1.088e-13,1.022e-13,0.045,2.05,0
21151,b'FrontS133173',12.1187,2.1541,9.84e-16,1.861e-15,4.966e-15,0.081,1.85,0
21152,b'FrontS133175',4.5045,1.2352,1.704e-18,4.441e-18,2.388e-17,0.04,1.57,0
21153,b'FrontS133176',-16.4723,4.1823,1.179e-17,3.68e-17,2.77e-16,0.162,-1.91,0
21154,b'FrontS133177',9.8279,1.4014,4.853e-18,1.304e-17,7.261e-17,0.033,1.61,0
21155,b'FrontS133178',31.6336,1.1634,6.106e-16,9.496e-16,1.657e-15,0.018,2.13,0
21156,b'FrontS133180',-5.783,-6.4941,2.033e-17,4.932e-17,2.267e-16,0.046,-2.16,0
21157,b'FrontS133181',-13.5845,-1.6065,2.917e-14,3.628e-14,4.312e-14,0.042,-2.62,0
21158,b'FrontS133187',-12.8624,-0.6021,8.122e-18,1.856e-17,7.462e-17,0.019,-1.14,0
21159,b'FrontS133188',4.1977,-3.2988,5.941e-17,1.23e-16,4.151e-16,0.039,1.11,0
21160,b'FrontS133190',-2.6188,-1.3613,3.679e-19,1.096e-18,7.532e-18,0.039,-0.86,0
21161,b'FrontS133191',-0.3991,-3.5261,1.032e-16,2.068e-16,6.23e-16,0.046,-0.66,0
21162,b'FrontS133192',-4.3649,-3.2861,1.572e-16,2.92e-16,7.463e-16,0.033,-0.8,0
21163,b'FrontS133193',10.9961,-2.0353,5.512e-17,1.256e-16,4.881e-16,0.05,2.5,0
21164,b'FrontS133194',17.9857,2.0106,9.355e-16,1.439e-15,2.563e-15,0.029,2.14,0
21165,b'FrontS133195',17.2206,0.4053,8.133e-14,1.282e-13,2.428e-13,0.277,1.85,0
21166,b'FrontS133196',-1.5758,3.4134,1.09e-16,2.249e-16,7.233e-16,0.033,-0.27,0
21167,b'FrontS133197',5.9177,0.0637,8.744e-19,2.229e-18,1.118e-17,0.017,0.5,0
21168,b'FrontS133198',3.8619,2.028,9.993e-19,3.024e-18,2.197e-17,0.034,0.75,0
21169,b'FrontS133200',10.1438,-1.0254,7.51e-16,1.297e-15,2.808e-15,0.044,2.49,0
21170,b'FrontS133201',18.692,-0.886,5.934e-19,1.945e-18,1.621e-17,0.03,2.3,0
21171,b'FrontS133202',1.1575,0.2525,1.196e-12,2.433e-12,7.658e-12,0.044,1.89,0
21172,b'FrontS133203',-41.7181,1.7178,5.147e-16,9.592e-16,2.614e-15,0.052,-3.97,0
21173,b'FrontS133204',24.3248,-0.4724,7.293e-16,1.324e-15,3.241e-15,0.046,3.39,0
21174,b'FrontS133205',-29.5301,-4.9719,1.372e-15,2.553e-15,6.535e-15,0.061,-3.61,0
21175,b'FrontS133206',-7.8923,-2.2021,5.68e-14,6.812e-14,7.535e-14,0.057,-1.78,0
21176,b'FrontS133207',22.5515,0.8639,5.943e-18,1.765e-17,1.228e-16,0.069,3.09,0
21177,b'FrontS133208',41.1221,4.2638,8.278e-16,1.36e-15,2.772e-15,0.042,3.78,0
21178,b'FrontS133210',7.9985,3.2489,7.764e-14,9.358e-14,9.569e-14,0.064,1.53,0
21179,b'FrontS133211',21.5705,0.4784,1.481e-14,1.889e-14,2.219e-14,0.029,2.35,0
21180,b'FrontS133212',-0.7947,-5.082,2.354e-16,1.625e-16,5.498e-17,0.045,-1.82,0
21181,b'FrontS133213',-6.0931,-1.5799,8.535e-13,1.425e-12,2.903e-12,0.033,-1.08,0
21182,b'FrontS133215',0.3798,2.3583,1.389e-17,3.299e-17,1.431e-16,0.051,0.16,0
21183,b'FrontS133216',17.5735,3.5963,2.045e-18,7.435e-18,7.666e-17,0.069,2.63,0
21184,b'FrontS133217',41.7539,1.8709,7.518e-14,1.34e-13,3.201e-13,0.017,2.35,0
21185,b'FrontS133218',34.7114,6.2928,8.672e-14,1.028e-13,1.029e-13,0.053,3.86,0
21186,b'FrontS133219',-15.7097,0.2093,2.598e-16,5.053e-16,1.431e-15,0.056,-2.64,0
21187,b'FrontS133220',-12.9929,1.2241,3.644e-17,8.537e-17,3.566e-16,0.039,-2.34,0
21188,b'FrontS133221',-4.4561,1.4274,1.648e-15,2.586e-15,4.775e-15,0.043,-2.0,0
21189,b'FrontS133222',12.2981,0.563,1.722e-13,1.577e-13,9.741e-14,0.019,1.02,0
21190,b'FrontS133223',-4.1551,0.938,5.6e-15,6.335e-15,5.919e-15,0.011,-0.28,0
21191,b'FrontS133224',2.0953,3.7922,2.339e-15,3.892e-15,8.005e-15,0.044,1.6,0
21192,b'FrontS133225',-0.5954,-3.5602,6.24e-19,2.033e-18,1.733e-17,0.045,-2.02,0
21193,b'FrontS133226',16.7922,-8.998,5.074e-13,5.754e-13,5.286e-13,0.086,2.26,0
21194,b'FrontS133227',-19.0642,10.0525,1.298e-15,2.75e-15,9.246e-15,0.309,-1.9,0
21195,b'FrontS133228',17.5868,2.4078,2.855e-16,5.7e-16,1.661e-15,0.042,2.85,0
21196,b'FrontS133229',-5.0685,-10.3605,5.465e-11,1.4e-10,6.973e-10,0.115,-0.75,0
21197,b'FrontS133230',-0.1422,0.2351,1.109e-18,3.053e-18,1.84e-17,0.022,-0.01,0
21198,b'FrontS133231',-8.683,0.7345,3.281e-14,3.723e-14,3.484e-14,0.019,-0.77,0
21199,b'FrontS133232',-13.9118,1.4277,1.931e-13,2.107e-13,1.793e-13,0.057,-2.49,0
21200,b'FrontS133233',-1.4243,-0.6242,3.783e-13,3.675e-13,2.473e-13,0.048,-0.91,0
21201,b'FrontS133234',-11.8131,-0.1523,2.128e-19,6.674e-19,4.934e-18,0.024,-1.23,0
21202,b'FrontS133235',13.8699,-0.0358,1.289e-18,4.074e-18,3.364e-17,0.06,2.36,0
21203,b'FrontS133236',-14.797,1.0047,4.897e-14,5.581e-14,5.399e-14,0.034,-2.21,0
21204,b'FrontS133237',26.636,0.1095,2.738e-16,4.957e-16,1.192e-15,0.052,3.46,0
21205,b'FrontS133238',-22.6123,0.099,5.053e-18,1.357e-17,7.558e-17,0.027,-2.31,0
21206,b'FrontS133239',-11.4714,1.8528,1.759e-14,2.281e-14,2.891e-14,0.052,-2.38,0
21207,b'FrontS133241',-9.2963,1.049,1.805e-18,5.199e-18,3.303e-17,0.031,-1.4,0
21208,b'FrontS133242',4.673,-0.2733,1.061e-13,1.263e-13,1.283e-13,0.055,1.14,0
21209,b'FrontS133243',-7.9234,-1.6963,2.815e-17,6.443e-17,2.517e-16,0.048,-2.17,0
21211,b'FrontS133245',-32.2629,3.7197,3.609e-18,1.298e-17,1.363e-16,0.132,-3.23,0
21212,b'FrontS133246',-5.4992,3.879,1.561e-19,5.868e-19,6.633e-18,0.061,-1.07,0
21213,b'FrontS133247',4.5102,-1.9792,7.491e-13,7.12e-13,4.567e-13,0.034,0.83,0
21214,b'FrontS133248',-1.8528,-1.2994,3.508e-13,7.188e-13,2.216e-12,0.017,-0.17,0
21215,b'FrontS133249',31.6022,-0.097,1.003e-18,2.477e-18,1.161e-17,0.016,2.04,0
21216,b'FrontS133251',-17.2869,1.8611,3.409e-17,7.503e-17,2.742e-16,0.075,-2.54,0
21217,b'FrontS133252',-7.0723,-2.2101,1.218e-17,2.885e-17,1.238e-16,0.027,-0.91,0
21218,b'FrontS133254',-11.0598,-0.272,2.798e-13,5.82e-13,1.874e-12,0.022,-1.06,0
21219,b'FrontS133255',22.1528,-0.1762,2.99e-17,7.24e-17,3.315e-16,0.037,2.91,0
21220,b'FrontS133257',2.7554,-4.4064,1.895e-12,1.662e-12,9.035e-13,0.048,1.32,0
21221,b'FrontS133258',1.7931,-1.9898,1.531e-14,1.972e-14,2.459e-14,0.042,1.0,0
21222,b'FrontS133260',26.8409,2.9627,4.199e-18,1.155e-17,6.741e-17,0.046,3.47,0
21223,b'FrontS133261',-19.7899,1.3909,1.321e-16,8.478e-17,2.614e-17,0.028,-2.2,0
21224,b'FrontS133264',-36.0768,0.9864,3.159e-08,2.308e-08,8.999e-09,0.025,-2.74,0
21225,b'FrontS133265',33.0159,1.7516,1.531e-15,2.074e-15,2.786e-15,0.013,1.92,0
21226,b'FrontS133266',-1.0555,-4.817,5.228e-16,9.211e-16,2.193e-15,0.055,-0.29,0
21227,b'FrontS133268',5.3526,-0.9347,1.572e-18,4.438e-18,2.713e-17,0.02,0.51,0
21228,b'FrontS133271',5.9848,-0.3343,2.562e-14,3.328e-14,4.087e-14,0.047,2.15,0
21229,b'FrontS133272',4.8697,0.985,2.552e-17,5.614e-17,2.035e-16,0.03,0.78,0
21230,b'FrontS133273',-8.347,1.8252,3.625e-18,9.807e-18,5.519e-17,0.024,-0.9,0
21231,b'FrontS133274',14.5077,-0.7729,4.743e-14,6.266e-14,7.912e-14,0.056,2.53,0
21232,b'FrontS133275',16.3859,2.1808,3.065e-17,6.924e-17,2.741e-16,0.038,2.58,0
21233,b'FrontS133276',-0.6522,1.2624,9.665e-16,1.684e-15,3.788e-15,0.045,-2.42,0
21234,b'FrontS133277',26.7034,4.2019,2.394e-18,7.53e-18,5.859e-17,0.08,3.28,0
21235,b'FrontS133278',-40.5428,1.9814,1.356e-08,1.029e-08,4.222e-09,0.021,-2.62,0
21236,b'FrontS133279',-5.0686,-2.0937,4.235e-13,4.537e-13,3.783e-13,0.065,-0.98,0
21237,b'FrontS133281',43.0328,1.9369,4.71e-12,4.071e-12,2.286e-12,0.061,4.01,0
21238,b'FrontS133283',0.8503,3.682,2.356e-12,2.105e-12,1.189e-12,0.04,0.41,0
21239,b'FrontS133284',-7.2218,3.1341,3.504e-18,8.878e-18,4.332e-17,0.04,-1.85,0
21240,b'FrontS133285',14.5986,-0.8999,2.983e-16,5.164e-16,1.159e-15,0.019,1.29,0
21241,b'FrontS133286',6.9557,0.9606,1.301e-14,1.438e-14,1.285e-14,0.017,0.58,0
21242,b'FrontS133287',3.6909,2.9305,8.61e-13,1.175e-12,1.565e-12,0.046,2.01,0
21243,b'FrontS133289',-10.3812,0.3475,1.102e-13,1.109e-13,8.225e-14,0.023,-1.06,0
21244,b'FrontS133290',-8.3348,-3.4018,1.385e-16,3.285e-16,1.492e-15,0.085,-1.29,0
21245,b'FrontS133291',-11.6913,0.4271,6.644e-16,1.027e-15,1.899e-15,0.02,-1.04,0
21246,b'FrontS133292',7.6697,-1.5877,7.243e-18,1.794e-17,8.672e-17,0.032,1.15,0
21247,b'FrontS133293',-42.1222,-0.0737,1.036e-14,1.374e-14,1.79e-14,0.038,-3.71,0
21248,b'FrontS133294',-28.6884,-3.8146,3.073e-15,4.094e-15,5.358e-15,0.029,-2.66,0
21249,b'FrontS133295',-3.1954,-0.1101,1.319e-13,1.426e-13,1.175e-13,0.043,-1.89,0
21250,b'FrontS133296',26.0461,-2.6765,1.199e-16,2.706e-16,1.044e-15,0.089,3.1,0
21251,b'FrontS133298',18.402,-1.5205,8.008e-16,1.424e-15,3.405e-15,0.067,2.69,0
21252,b'FrontS133299',-18.1593,-1.0859,7.901e-18,1.961e-17,9.013e-17,0.037,-2.7,0
21253,b'FrontS133300',-1.4612,0.379,3.566e-13,3.181e-13,1.823e-13,0.019,-0.13,0
21254,b'FrontS133301',11.834,-0.9949,3.026e-13,3.095e-13,2.417e-13,0.038,2.06,0
21255,b'FrontS133302',-19.3483,0.1169,5.7e-15,7.402e-15,9.08e-15,0.023,-1.8,0
21256,b'FrontS133303',-3.0236,-3.5121,7.756e-18,2.009e-17,1.058e-16,0.039,-0.9,0
21257,b'FrontS133304',-9.124,0.0226,6.861e-16,1.127e-15,2.318e-15,0.026,-1.1,0
21258,b'FrontS133305',-11.6131,2.3134,1.118e-17,2.461e-17,9.112e-17,0.038,-2.18,0
21259,b'FrontS133306',25.7605,-2.0789,1.904e-17,4.412e-17,1.85e-16,0.034,2.93,0
21260,b'FrontS133307',-2.5024,1.8174,1.349e-12,1.322e-12,9.168e-13,0.049,-1.05,0
21261,b'FrontS133308',7.8879,1.3602,4.257e-15,6.608e-15,1.148e-14,0.048,2.24,0
21262,b'FrontS133309',36.7817,3.2099,4.171e-13,4.033e-13,2.663e-13,0.025,2.8,0
21264,b'FrontS133312',-30.6497,-1.4582,2.146e-13,2.401e-13,2.14e-13,0.058,-3.69,0
21265,b'FrontS133313',-0.2528,2.7356,6.237e-17,1.373e-16,5.093e-16,0.044,-0.6,0
21266,b'FrontS133314',-0.613,-2.3691,1.588e-15,2.58e-15,4.871e-15,0.04,-0.25,0
21267,b'FrontS133315',2.521,-4.6903,2.047e-19,7.095e-19,6.749e-18,0.035,0.49,0
21268,b'FrontS133316',-0.2436,-2.0929,8.235e-14,9.678e-14,9.596e-14,0.044,-0.73,0
21269,b'FrontS133317',10.4166,-3.2601,4.656e-18,1.327e-17,8.684e-17,0.042,2.33,0
21270,b'FrontS133318',0.6182,3.8002,1.315e-17,3.129e-17,1.348e-16,0.045,1.95,0
21271,b'FrontS133319',12.7084,-2.0212,1.29e-15,2.188e-15,4.707e-15,0.04,2.41,0
21272,b'FrontS133320',-2.434,0.217,1.298e-16,2.258e-16,4.942e-16,0.021,-0.23,0
21273,b'FrontS133321',-7.7839,-0.6712,1.144e-14,1.309e-14,1.217e-14,0.018,-0.67,0
21274,b'FrontS133322',-18.5623,-3.1788,2.443e-13,2.437e-13,1.722e-13,0.021,-1.67,0
21275,b'FrontS133323',-6.2714,-1.796,2.277e-09,1.514e-09,4.727e-10,0.044,-2.25,0
21276,b'FrontS133324',1.7771,1.2617,3.683e-16,2.528e-16,8.809e-17,0.055,0.48,0
21277,b'FrontS133325',0.4727,0.1048,6.166e-18,1.452e-17,6.156e-17,0.033,0.08,0
21278,b'FrontS133326',-9.5565,1.4176,5.431e-15,8.459e-15,1.509e-14,0.043,-2.27,0
21279,b'FrontS133327',11.3091,-0.3583,4.525e-16,8.095e-16,1.935e-15,0.035,1.87,0
21280,b'FrontS133328',-32.3913,2.8191,1.405e-17,3.138e-17,1.223e-16,0.021,-2.31,0
21281,b'FrontS133329',40.6701,-0.5341,9.239e-17,2.13e-16,8.415e-16,0.04,3.67,0
21282,b'FrontS133330',8.2816,-2.1724,3.636e-13,3.762e-13,2.902e-13,0.051,2.13,0
21283,b'FrontS133331',-11.3624,-1.7772,9.615e-16,1.636e-15,3.446e-15,0.04,-2.32,0
21284,b'FrontS133332',-1.6961,-0.3124,4.311e-13,4.64e-13,3.88e-13,0.055,-0.49,0
21285,b'FrontS133333',0.713,-2.4508,2.51e-17,5.155e-17,1.631e-16,0.041,0.37,0
21286,b'FrontS133334',-10.3551,-4.0403,4.006e-14,4.707e-14,4.606e-14,0.03,-1.38,0
21287,b'FrontS133335',-6.1274,6.5864,1.964e-15,3.588e-15,8.742e-15,0.06,-1.2,0
21288,b'FrontS133336',-25.5958,-0.3559,8.887e-13,7.527e-13,4.055e-13,0.039,-3.22,0
21289,b'FrontS133339',18.3336,5.6462,6.104e-17,1.237e-16,3.786e-16,0.033,2.45,0
21290,b'FrontS133340',3.8828,0.3621,9.072e-15,1.152e-14,1.327e-14,0.024,0.45,0
21291,b'FrontS133341',19.3531,-0.0464,5.424e-17,3.753e-17,1.332e-17,0.023,1.78,0
21292,b'FrontS133342',0.3861,0.5164,1.138e-13,1.352e-13,1.349e-13,0.051,0.15,0
21293,b'FrontS133343',6.2495,2.8069,1.597e-15,2.388e-15,4.113e-15,0.03,0.96,0
21294,b'FrontS133344',1.18,2.3204,2.833e-15,4.192e-15,6.778e-15,0.039,0.38,0
21295,b'FrontS133345',-42.892,3.1159,3.267e-16,5.468e-16,1.136e-15,0.031,-3.24,0
21296,b'FrontS133346',3.2677,5.9249,6.302e-18,1.82e-17,1.189e-16,0.085,0.52,0
21297,b'FrontS133348',5.6099,6.6292,2.864e-14,3.57e-14,4.02e-14,0.043,1.96,0
21298,b'FrontS133349',-3.36,2.6208,1.071e-15,1.681e-15,3.213e-15,0.033,-0.58,0
21299,b'FrontS133351',-3.2807,-0.0496,1.053e-12,2.05e-12,5.84e-12,0.04,-1.24,0
21300,b'FrontS133352',-7.3159,-2.3473,1.724e-14,2.101e-14,2.26e-14,0.03,-1.13,0
21301,b'FrontS133353',25.3007,0.1068,2.625e-15,4.348e-15,8.97e-15,0.059,3.39,0
21302,b'FrontS133354',3.6575,0.3209,4.596e-15,6.782e-15,1.083e-14,0.046,1.9,0
21303,b'FrontS133355',-28.3238,-0.5539,9.317e-19,3.152e-18,2.842e-17,0.046,-3.52,0
21304,b'FrontS133356',-22.5471,-7.209,8.434e-16,1.587e-15,4.176e-15,0.058,-3.26,0
21305,b'FrontS133357',8.8496,0.5484,6.555e-17,1.487e-16,5.926e-16,0.043,2.24,0
21306,b'FrontS133358',-38.772,0.0401,1.866e-16,3.654e-16,1.087e-15,0.041,-3.69,0
21307,b'FrontS133359',-5.1075,-0.001,3.448e-17,7.797e-17,2.916e-16,0.028,-0.73,0
21308,b'FrontS133362',-32.3759,-1.559,4.104e-16,6.636e-16,1.264e-15,0.019,-2.16,0
21309,b'FrontS133365',-10.7577,3.6953,1.862e-14,2.529e-14,3.524e-14,0.047,-2.55,0
21310,b'FrontS133367',-5.1413,-2.1724,3.1e-17,7.537e-17,3.551e-16,0.054,-1.29,0
21311,b'FrontS133368',10.5237,-11.4003,6e-15,8.235e-15,1.137e-14,0.035,1.83,0
21312,b'FrontS133369',9.1987,-16.0864,9.166e-14,1.077e-13,1.131e-13,0.069,1.42,0
21313,b'FrontS133370',5.2987,7.9202,1.811e-15,2.883e-15,5.659e-15,0.042,2.03,0
21314,b'FrontS133371',19.2354,-5.603,1.631e-12,1.399e-12,7.474e-13,0.031,2.34,0
21315,b'FrontS133372',6.4951,11.944,1.025e-16,2.014e-16,6.027e-16,0.04,1.98,0
21316,b'FrontS133374',-14.6169,23.1241,4.897e-14,6.091e-14,6.925e-14,0.065,-1.98,0
21317,b'FrontS133375',-26.0187,-0.871,2.403e-12,3.917e-12,8.024e-12,0.047,-3.42,0
21318,b'FrontS133376',-0.2673,-1.0974,1.599e-12,1.367e-12,7.392e-13,0.029,-0.05,0
21319,b'FrontS133377',7.0067,14.9484,1.669e-13,1.792e-13,1.436e-13,0.028,1.19,0
21320,b'FrontS133378',-2.0605,5.8381,6.802e-19,2.094e-18,1.542e-17,0.026,-0.22,0
21321,b'FrontS133379',-18.2019,-12.5507,1.369e-16,2.773e-16,8.79e-16,0.046,-3.1,0
21322,b'FrontS133380',29.79,2.6455,1.111e-13,1.207e-13,1.021e-13,0.039,3.4,0
21323,b'FrontS133381',-15.2126,11.7848,4.374e-11,3.387e-11,1.437e-11,0.058,-2.47,1
21324,b'FrontS133382',-10.0491,-2.1394,7.774e-12,6.292e-12,2.934e-12,0.041,-2.33,0
21325,b'FrontS133383',-1.7487,-12.7334,1.121e-12,1.019e-12,6.31e-13,0.03,-0.34,0
21326,b'FrontS133384',12.3,-4.5874,5.685e-13,1.213e-12,4.295e-12,0.033,1.85,0
21327,b'FrontS133385',2.5423,8.9419,1.023e-14,1.317e-14,1.601e-14,0.03,0.43,0
21328,b'FrontS133386',10.9608,6.3251,4.578e-13,6.934e-13,1.142e-12,0.033,1.79,0
21329,b'FrontS133388',14.6869,7.8308,1.646e-16,1.169e-16,4.236e-17,0.042,2.72,0
21330,b'FrontS133389',-2.8616,-7.6661,9.694e-16,1.426e-15,2.391e-15,0.032,-0.56,0
21331,b'FrontS133390',-14.5106,-12.8107,7.446e-17,1.666e-16,6.362e-16,0.035,-2.47,0
21332,b'FrontS133391',30.2545,-23.5889,6.042e-17,1.416e-16,6.151e-16,0.057,3.31,0
21333,b'FrontS133392',-16.5025,-7.3742,1.15e-13,1.256e-13,1.065e-13,0.037,-2.56,0
21334,b'FrontS133393',3.9269,-5.4283,1.99e-17,4.627e-17,1.982e-16,0.042,1.88,0
21335,b'FrontS133394',8.6515,-2.0017,8.412e-13,1.8e-12,6.468e-12,0.053,2.15,0
21336,b'FrontS133395',4.916,-2.1927,1.401e-07,1.067e-07,4.611e-08,0.055,1.19,1
21337,b'FrontS133396',-1.9075,21.3722,1.3920000000000002e-20,6.904e-20,1.409e-18,0.05,-0.5,0
21338,b'FrontS133397',-6.0153,-15.0306,1.326e-12,1.37e-12,1.055e-12,0.085,-0.98,0
21339,b'FrontS133398',31.4736,-15.2381,2.849e-12,5.76e-12,1.748e-11,0.053,3.54,0
21340,b'FrontS133399',12.9646,31.9614,2.313e-16,4.547e-16,1.355e-15,0.049,2.24,0
21341,b'FrontS133400',-1.082,-5.1394,1.588e-12,1.336e-12,6.68e-13,0.027,-0.16,0
21342,b'FrontS133401',-24.2286,-8.1224,1.244e-12,1.078e-12,5.787e-13,0.036,-3.05,0
21343,b'FrontS133402',-13.9823,-7.4961,1.65e-15,2.557e-15,4.508e-15,0.033,-2.15,0
21344,b'FrontS133403',0.8721,20.0749,2.309e-16,1.59e-16,5.289e-17,0.041,1.54,0
21345,b'FrontS133404',2.9044,0.8573,2.3e-14,2.76e-14,2.916e-14,0.026,0.37,0
21346,b'FrontS133405',26.5123,-12.5308,7.917e-16,1.453e-15,3.638e-15,0.05,3.44,0
21347,b'FrontS133406',1.512,-1.9652,3.19e-17,8.108e-17,4.099e-16,0.053,0.49,0
21348,b'FrontS133407',-2.1884,-10.7012,2.919e-11,2.304e-11,1.05e-11,0.067,-0.4,1
21349,b'FrontS133408',31.3941,4.6017,4.584e-13,4.691e-13,3.522e-13,0.053,3.72,0
21350,b'FrontS133409',19.2,-1.755,2.881e-13,3.096e-13,2.472e-13,0.052,2.99,0
21351,b'FrontS133410',-18.1949,2.0617,3.587e-14,4.153e-14,4.013e-14,0.034,-2.49,0
21352,b'FrontS133411',8.1351,40.0334,9.753e-13,9.347e-13,6.323e-13,0.06,1.12,0
21353,b'FrontS133412',1.9863,15.1229,2.38e-11,1.835e-11,7.777e-12,0.048,0.86,1
21354,b'FrontS133413',16.191,5.898,2.312e-12,2.192e-12,1.455e-12,0.086,2.3,0
21355,b'FrontS133414',21.8763,2.466,1.786e-12,3.104e-12,7.029e-12,0.062,3.16,0
21356,b'FrontS133416',-14.7463,-0.5864,3.411e-12,5.788e-12,1.232e-11,0.05,-2.72,0
21357,b'FrontS133417',9.2168,2.0491,1.31e-15,2.382e-15,6.181e-15,0.071,1.53,0
21358,b'FrontS133418',0.3824,1.6044,7.48e-15,9.457e-15,1.089e-14,0.029,0.07,0
21359,b'FrontS133419',13.6138,-6.7286,2.268e-15,3.479e-15,6.256e-15,0.047,2.63,0
21360,b'FrontS133420',-25.0686,19.0404,8.006e-13,7.884e-13,5.391e-13,0.046,-3.29,0
21361,b'FrontS133421',-13.2476,0.1502,1.881e-18,5.261e-18,3.265e-17,0.051,-2.56,0
21362,b'FrontS133422',-11.4744,6.0885,5.118e-16,8.764e-16,1.856e-15,0.044,-2.46,0
21363,b'FrontS133423',-4.2008,10.2018,1.057e-14,1.675e-14,3.137e-14,0.067,-0.73,0
21364,b'FrontS133424',-7.4699,-1.7503,3.419e-13,3.378e-13,2.396e-13,0.038,-1.76,0
21365,b'FrontS133425',13.9547,9.7458,1.015e-14,1.421e-14,2.062e-14,0.054,2.54,0
21366,b'FrontS133426',3.3569,-1.9593,1.138e-12,1.158e-12,9.019e-13,0.08,0.55,0
21367,b'FrontS133427',-20.7592,11.1989,1.313e-14,1.664e-14,1.868e-14,0.043,-3.15,0
21368,b'FrontS133428',-7.4595,5.8428,1.002e-17,2.635e-17,1.346e-16,0.033,-1.2,0
21369,b'FrontS133429',14.1525,-1.2592,4.444e-15,7.583e-15,1.607e-14,0.071,2.22,0
21370,b'FrontS133430',19.0666,0.8819,2.48e-12,2.408e-12,1.661e-12,0.038,2.9,0
21371,b'FrontS133431',-13.3763,-14.6661,7.418e-18,1.98e-17,1.137e-16,0.036,-2.29,0
21372,b'FrontS133432',6.8554,-10.2942,4.796e-08,3.922e-08,1.827e-08,0.037,1.52,1
21373,b'FrontS133433',-9.6998,2.1273,3.686e-16,7.196e-16,2.108e-15,0.047,-2.36,0
21374,b'FrontS133434',2.7791,9.5614,2.98e-12,2.529e-12,1.29e-12,0.032,0.49,0
21375,b'FrontS133435',17.194,-1.2413,5.759e-08,4.051e-08,1.5e-08,0.038,2.61,0
21376,b'FrontS133436',-16.2084,9.8265,1.05e-12,9.947e-13,6.249e-13,0.051,-2.75,0
21377,b'FrontS133437',-0.5055,-12.6843,3.563e-15,5.131e-15,8.058e-15,0.038,-0.25,0
21378,b'FrontS133438',3.5278,30.026,5.301e-12,1.118e-11,3.748e-11,0.072,0.57,0
21379,b'FrontS133440',7.4239,-5.2574,1.608e-15,2.821e-15,6.29e-15,0.049,2.09,0
21380,b'FrontS133441',-3.8012,-9.8048,5.908e-13,5.736e-13,3.861e-13,0.034,-0.85,0
21381,b'FrontS133442',-10.3999,-6.8987,1.848e-16,1.3e-16,4.582e-17,0.044,-2.52,0
21382,b'FrontS133443',-23.6639,15.5502,1.69e-16,1.169e-16,4.213e-17,0.041,-3.17,0
21383,b'FrontS133444',9.2862,13.0495,4.624e-12,8.691e-12,2.242e-11,0.049,2.31,0
21384,b'FrontS133445',-35.2247,-3.7921,5.525e-08,3.939e-08,1.423e-08,0.043,-3.78,0
21385,b'FrontS133446',-9.9917,21.7756,5.959e-09,7.473e-09,8.522e-09,0.05,-2.0,0
21386,b'FrontS133447',23.7451,7.6676,5.995e-13,1.127e-12,2.938e-12,0.033,2.92,0
21387,b'FrontS133448',-7.4944,23.8574,6.334e-14,7.206e-14,6.959e-14,0.041,-2.29,0
21388,b'FrontS133449',8.6394,-18.4413,5.149e-12,8.007e-12,1.423e-11,0.049,2.02,0
21389,b'FrontS133450',-19.0034,9.5406,4.32e-16,8.22e-16,2.24e-15,0.068,-2.66,0
21390,b'FrontS133451',-17.3939,13.8804,5.484e-12,4.645e-12,2.414e-12,0.052,-2.85,0
21391,b'FrontS133452',-11.8378,20.8797,4.487e-14,5.493e-14,5.885e-14,0.05,-2.25,0
21392,b'FrontS133453',-2.272,-10.2166,6.378e-13,8.421e-13,1.118e-12,0.032,-0.48,0
21393,b'FrontS133454',-7.2465,4.6161,5.141e-09,3.5e-09,1.135e-09,0.041,-1.9,0
21394,b'FrontS133455',7.6126,8.0927,2.199e-15,3.412e-15,5.974e-15,0.036,1.57,0
21395,b'FrontS133456',26.0651,12.7117,2.671e-12,2.423e-12,1.467e-12,0.067,3.25,0
21396,b'FrontS133457',-2.821,11.013,2.628e-13,2.78e-13,2.153e-13,0.038,-0.83,0
21397,b'FrontS133458',-0.9023,18.0567,3.889e-13,3.745e-13,2.562e-13,0.031,-0.1,0
21398,b'FrontS133459',26.1986,28.0136,1.805e-14,2.777e-14,5.056e-14,0.08,2.97,0
21399,b'FrontS133460',-6.7267,-0.0343,2.58e-13,2.439e-13,1.617e-13,0.029,-0.99,0
21400,b'FrontS133461',-0.7682,-5.5794,1.853e-15,2.655e-15,3.961e-15,0.033,-0.16,0
21401,b'FrontS133462',2.0832,8.7233,1.812e-15,3.187e-15,7.374e-15,0.069,0.36,0
21402,b'FrontS133463',-16.2417,-1.0949,2.3e-14,2.949e-14,3.632e-14,0.041,-2.7,0
21403,b'FrontS133464',-9.4659,4.0463,1.136e-12,2.176e-12,6.076e-12,0.036,-1.69,0
21404,b'FrontS133465',14.7116,16.9251,8.518e-12,6.588e-12,2.828e-12,0.037,2.67,1
21405,b'FrontS133466',-10.3866,-6.322,2.805e-12,5.5e-12,1.582e-11,0.034,-1.8,0
21406,b'FrontS133467',-10.4646,16.4975,2.667e-17,6.297e-17,2.762e-16,0.043,-2.45,0
21407,b'FrontS133468',-20.2603,-10.5701,1.043e-13,1.275e-13,1.438e-13,0.085,-2.7,0
21408,b'FrontS133469',1.5188,-6.6675,3.954e-14,4.869e-14,5.561e-14,0.037,0.36,0
21409,b'FrontS133470',2.5371,12.0237,3.796e-15,5.84e-15,1.035e-14,0.043,1.96,0
21410,b'FrontS133471',-37.171,5.198,8.558e-13,1.522e-12,3.656e-12,0.04,-3.61,0
21411,b'FrontS133472',18.0081,-13.9616,8.184e-14,9.405e-14,8.832e-14,0.041,2.8,0
21412,b'FrontS133473',-32.2991,2.0598,6.341e-13,9.86e-13,1.751e-12,0.038,-3.4,0
21413,b'FrontS133474',4.1439,14.0295,1.109e-12,1.648e-12,2.754e-12,0.032,0.89,0
21414,b'FrontS133475',-11.42,-11.2603,1.148e-13,1.493e-13,1.798e-13,0.063,-2.0,0
21415,b'FrontS133476',20.7399,-6.3973,7.861e-09,5.124e-09,1.569e-09,0.037,2.85,0
21416,b'FrontS133477',-12.9335,2.736,1.152e-17,2.783e-17,1.311e-16,0.029,-1.76,0
21417,b'FrontS133478',-26.036,3.9818,1.825e-17,4.315e-17,1.867e-16,0.04,-3.23,0
21418,b'FrontS133479',-12.6468,15.8427,5.643e-18,1.578e-17,9.75e-17,0.062,-2.06,0
21419,b'FrontS133480',10.594,-15.9529,3.036e-12,2.598e-12,1.392e-12,0.043,2.41,0
21420,b'FrontS133481',11.0036,-14.343,3.195e-13,3.174e-13,2.276e-13,0.036,2.09,0
21421,b'FrontS133482',13.9844,-6.6649,4.369e-16,8.521e-16,2.403e-15,0.051,2.59,0
21422,b'FrontS133483',-37.8733,-15.6037,1.228e-17,3.057e-17,1.535e-16,0.073,-3.74,0
21423,b'FrontS133484',16.6237,-14.0077,3.564e-16,6.604e-16,1.727e-15,0.046,2.87,0
21424,b'FrontS133485',14.2288,-2.7173,1.177e-12,2.397e-12,7.452e-12,0.035,2.25,0
21425,b'FrontS133486',4.222,0.9085,1.509e-13,1.628e-13,1.373e-13,0.038,1.08,0
21426,b'FrontS133488',-13.5886,-0.09,2.34e-16,4.455e-16,1.193e-15,0.037,-2.31,0
21427,b'FrontS133489',-3.5035,-24.2285,5.724e-18,1.482e-17,7.708e-17,0.05,-0.95,0
21428,b'FrontS133490',-19.3959,-4.0925,9.936e-09,1.39e-08,1.992e-08,0.039,-2.88,0
21429,b'FrontS133491',3.2845,15.0624,8.239e-13,7.955e-13,5.226e-13,0.05,1.09,0
21430,b'FrontS133492',-13.9991,-7.7412,4.476e-19,1.326e-18,9.343e-18,0.034,-2.16,0
21431,b'FrontS133493',-12.098,-6.0039,9.057e-13,2.055e-12,8.113e-12,0.03,-1.72,0
21432,b'FrontS133494',-28.5028,-11.2043,9.699e-08,7.977e-08,3.813e-08,0.043,-3.45,1
21433,b'FrontS133495',25.0545,9.4229,3.369e-12,2.86e-12,1.443e-12,0.039,3.18,0
21434,b'FrontS133496',-4.7932,0.4786,1.65e-12,1.35e-12,6.464e-13,0.028,-0.65,0
21435,b'FrontS133497',16.1646,-22.6677,3.282e-16,2.245e-16,7.373e-17,0.05,2.54,0
21436,b'FrontS133498',-44.013,-8.9123,7.788e-18,2.139e-17,1.251e-16,0.047,-3.97,0
21437,b'FrontS133499',-14.255,-16.2678,7.335e-16,1.313e-15,3.27e-15,0.045,-2.89,0
21438,b'FrontS133500',-17.2781,-3.9916,6.319e-13,5.92e-13,3.748e-13,0.036,-2.51,0
21439,b'FrontS133501',14.1249,13.1589,3.507e-17,8.064e-17,3.333e-16,0.03,2.03,0
21440,b'FrontS133502',35.2384,-15.4098,7.151e-11,5.215e-11,2.056e-11,0.044,3.55,0
21441,b'FrontS133503',-11.0594,6.0608,2.304e-15,3.336e-15,5.149e-15,0.035,-1.82,0
21442,b'FrontS133504',6.4812,0.1927,2.731e-16,1.826e-16,6.074e-17,0.045,2.24,0
21443,b'FrontS133505',-3.6635,23.8809,2.489e-12,2.274e-12,1.332e-12,0.05,-0.76,0
21444,b'FrontS133506',3.2029,-3.307,1.065e-13,1.093e-13,8.31e-14,0.031,0.51,0
21445,b'FrontS133509',5.4819,3.4941,7.129e-18,1.817e-17,8.94e-17,0.026,0.7,0
21446,b'FrontS133510',13.4126,-7.1703,2.747e-08,1.914e-08,6.682e-09,0.036,2.21,0
21447,b'FrontS133511',-2.9267,6.3892,1.71e-17,4.211e-17,1.9e-16,0.034,-0.55,0
21448,b'FrontS133512',-4.8602,-21.4727,2.142e-17,5.002e-17,2.15e-16,0.038,-1.86,0
21449,b'FrontS133513',6.6043,10.9773,2.961e-12,4.961e-12,9.937e-12,0.075,1.1,0
21450,b'FrontS133514',1.5255,-1.1004,2.145e-11,1.604e-11,6.693e-12,0.035,0.3,1
21451,b'FrontS133515',-8.9312,-16.1338,4.746e-13,4.879e-13,3.773e-13,0.058,-1.74,0
21452,b'FrontS133516',2.988,-19.3837,6.428e-14,7.73e-14,7.954e-14,0.043,1.94,0
21453,b'FrontS133517',39.7044,-16.8167,2.566e-11,7.377e-11,4.719e-10,0.075,3.72,0
21454,b'FrontS133518',1.9276,-7.2047,3.157e-16,2.098e-16,6.775e-17,0.047,1.35,0
21455,b'FrontS133519',-1.0202,0.0281,1.509e-16,3.012e-16,9.059e-16,0.031,-0.18,0
21456,b'FrontS133520',11.7098,-8.4424,6.759e-16,1.122e-15,2.366e-15,0.035,1.91,0
21457,b'FrontS133521',-5.7294,36.5808,6.814e-15,1.007e-14,1.663e-14,0.041,-1.42,0
21458,b'FrontS133522',-9.06,19.2388,1.942e-14,2.556e-14,3.226e-14,0.038,-2.18,0
21459,b'FrontS133523',10.7936,4.0318,1.518e-12,1.278e-12,6.75e-13,0.026,1.35,0
21460,b'FrontS133524',17.9354,-9.4291,1.99e-15,3.124e-15,5.931e-15,0.035,2.57,0
21461,b'FrontS133525',-3.7454,2.4078,1.022e-16,7.01e-17,2.391e-17,0.03,-0.53,0
21462,b'FrontS133526',-8.7722,-24.3896,1.925e-13,1.997e-13,1.514e-13,0.04,-2.52,0
21463,b'FrontS133527',-30.2534,10.3308,4.132e-16,2.873e-16,1.006e-16,0.062,-3.52,0
21464,b'FrontS133528',5.5123,14.468,3.467e-13,6.283e-13,1.508e-12,0.034,1.31,0
21465,b'FrontS133529',10.1562,8.8058,2.368e-14,2.668e-14,2.496e-14,0.03,1.5,0
21466,b'FrontS133530',-28.6216,6.1836,8.626e-14,9.812e-14,9.55e-14,0.048,-3.51,0
21467,b'FrontS133531',36.4416,18.7903,6.543e-13,6.261e-13,3.984e-13,0.04,3.53,0
21468,b'FrontS133532',24.8532,1.4973,6.844e-12,1.315e-11,3.708e-11,0.074,3.21,0
21469,b'FrontS133533',-37.2173,19.7298,1.548e-19,5.717e-19,6.219e-18,0.034,-3.24,0
21470,b'FrontS133534',-12.0718,-9.7449,3.531e-08,2.449e-08,8.351e-09,0.044,-2.64,0
21471,b'FrontS133535',18.205,-22.9408,5.031e-15,8.357e-15,1.719e-14,0.065,2.4,0
21472,b'FrontS133536',-25.569,2.7658,6.913e-16,1.249e-15,3.076e-15,0.054,-3.4,0
21473,b'FrontS133537',-20.714,-20.7956,1.289e-16,2.593e-16,7.826e-16,0.051,-3.03,0
21474,b'FrontS133538',2.1514,2.6678,1.117e-16,7.733e-17,2.645e-17,0.031,0.38,0
21475,b'FrontS133539',-6.7127,9.9112,8.641e-17,1.939e-16,7.182e-16,0.041,-2.09,0
21476,b'FrontS133540',-3.9684,-3.5242,2.332e-12,4.352e-12,1.153e-11,0.048,-1.63,0
21477,b'FrontS133541',-3.5155,0.2318,7.974e-13,1.329e-12,2.746e-12,0.031,-0.57,0
21478,b'FrontS133542',10.5235,9.4499,1.625e-12,1.488e-12,9.036e-13,0.04,2.39,0
21479,b'FrontS133543',-18.5073,-1.6461,3.543e-12,3.078e-12,1.665e-12,0.033,-2.46,0
21480,b'FrontS133544',4.4091,-6.6355,1.801e-12,1.559e-12,8.533e-13,0.036,0.98,0
21481,b'FrontS133545',-19.2145,6.0858,2.138e-13,3.701e-13,8.301e-13,0.033,-2.49,0
21482,b'FrontS133546',-11.4461,5.6819,4.376e-16,7.607e-16,1.752e-15,0.033,-1.72,0
21483,b'FrontS133547',8.3308,20.8766,1.837e-16,3.499e-16,9.838e-16,0.044,2.33,0
21484,b'FrontS133548',-17.8642,26.2497,1.218e-07,9.563e-08,4.162e-08,0.062,-2.32,1
21485,b'FrontS133550',27.1652,-3.9852,2.548e-12,2.147e-12,1.095e-12,0.035,3.12,0
21486,b'FrontS133551',8.9111,-15.4624,2.722e-16,5.076e-16,1.318e-15,0.042,2.34,0
21487,b'FrontS133552',-10.7092,6.823,5.871e-12,1.245e-11,4.11e-11,0.041,-2.31,0
21488,b'FrontS133553',19.0726,13.8842,2.37e-16,1.566e-16,4.965e-17,0.042,3.1,0
21489,b'FrontS133554',-8.6088,10.093,1.117e-16,7.939e-17,2.837e-17,0.035,-1.61,0
21490,b'FrontS133555',23.3694,-0.0971,3.262e-13,3.39e-13,2.665e-13,0.043,3.2,0
21491,b'FrontS133556',4.4372,-15.1774,3.198e-13,3.118e-13,2.094e-13,0.033,0.88,0
21492,b'FrontS133557',-7.2788,5.7847,1.457e-12,2.687e-12,6.917e-12,0.041,-2.12,0
21493,b'FrontS133558',9.5796,1.2417,7.226e-14,8.36e-14,7.939e-14,0.035,1.66,0
21494,b'FrontS133559',-1.0085,6.7662,8.217e-16,1.674e-15,5.479e-15,0.078,-0.14,0
21495,b'FrontS133560',1.1741,-6.0675,1.174e-13,1.357e-13,1.287e-13,0.043,1.24,0
21496,b'FrontS133561',19.8242,13.0163,1.808e-17,4.54e-17,2.136e-16,0.038,2.92,0
21497,b'FrontS133562',29.3015,21.6177,1.354e-15,2.029e-15,3.454e-15,0.029,2.78,0
21498,b'FrontS133563',4.4729,-5.6185,3.137e-13,3.162e-13,2.283e-13,0.046,1.98,0
21499,b'FrontS133564',-20.9912,-15.9136,2.667e-15,4.24e-15,8.038e-15,0.047,-3.17,0
21500,b'FrontS133565',-17.907,-6.0332,1.342e-17,3.258e-17,1.54e-16,0.031,-2.3,0
21501,b'FrontS133566',17.9489,-5.5352,6.599e-18,1.715e-17,9.08e-17,0.038,2.66,0
21502,b'FrontS133567',-3.5838,-3.4808,3.228e-14,3.678e-14,3.587e-14,0.038,-0.97,0
21503,b'FrontS133568',41.508,-12.3457,2.892e-12,4.364e-12,7.48e-12,0.038,3.57,0
21504,b'FrontS133569',1.6654,-6.1311,9.222e-17,6.37e-17,2.149e-17,0.028,0.22,0
21505,b'FrontS133570',4.4963,-0.1294,8.313e-13,1.432e-12,3.307e-12,0.065,0.87,0
21506,b'FrontS133571',-25.6381,4.4162,3.968e-16,7.361e-16,1.856e-15,0.05,-3.44,0
21507,b'FrontS133572',25.8194,21.676,5.64e-16,1.13e-15,3.474e-15,0.074,3.03,0
21508,b'FrontS133573',-0.0213,-0.1267,1.071e-08,7.307e-09,2.446e-09,0.045,-2.09,0
21509,b'FrontS133574',0.0772,0.0109,7.617e-14,9.079e-14,9.491e-14,0.046,4.57,0
21510,b'FrontS133575',-0.0059,-0.0449,3.913e-11,3.049e-11,1.333e-11,0.046,-0.31,0
21511,b'FrontS133576',0.0922,-0.0524,4.329e-11,3.086e-11,1.126e-11,0.045,5.81,0
21512,b'FrontS133577',-0.0302,-0.0844,2.544e-10,1.73e-10,5.844e-11,0.045,-2.77,0
21513,b'FrontS133578',-0.0361,-0.106,5.772e-11,4.338e-11,1.737e-11,0.045,-4.63,0
21514,b'FrontS133579',0.032,0.0456,1.921e-11,1.45e-11,5.835e-12,0.044,2.0,0
21515,b'FrontS133580',-0.0659,-0.1497,2.171e-11,1.623e-11,6.784e-12,0.046,-6.43,1
21516,b'FrontS133581',0.0977,0.067,2.788e-08,1.89e-08,6.346e-09,0.045,5.86,0
21517,b'FrontS133582',-5.79,1.0766,1.291e-11,1.019e-11,4.679e-12,0.04,-1.65,1
21518,b'FrontS133583',-6.6806,-0.8006,4.759e-11,3.421e-11,1.335e-11,0.04,-1.69,0
21519,b'FrontS133584',10.0049,0.5957,3.879e-10,2.696e-10,9.182e-11,0.049,2.46,0
21520,b'FrontS133585',-8.8834,-0.4112,7.173e-12,6.099e-12,3.205e-12,0.04,-2.06,0
21521,b'FrontS133586',12.606,0.012,3.047e-10,2.177e-10,7.974e-11,0.048,2.63,0
21522,b'FrontS133587',13.3499,0.874,1.014e-11,8.411e-12,4.016e-12,0.046,2.68,0
21523,b'FrontS133588',13.2481,2.0735,3.708e-13,3.979e-13,3.314e-13,0.046,2.62,0
21524,b'FrontS133589',-13.1919,0.4469,3.127e-11,2.48e-11,1.103e-11,0.042,-2.5,0
21525,b'FrontS133590',14.2075,0.2736,1.469e-10,9.966e-11,3.455e-11,0.044,2.63,0
21526,b'FrontS133591',-15.781,-0.6309,9.266e-13,1.825e-12,5.221e-12,0.042,-2.76,0
21527,b'FrontS133592',-15.9761,0.7429,4.18e-12,3.673e-12,1.975e-12,0.043,-2.77,0
21528,b'FrontS133593',15.4304,0.6457,4.154e-12,3.452e-12,1.757e-12,0.04,2.6,0
21529,b'FrontS133594',15.6912,0.2059,5.317e-10,3.712e-10,1.304e-10,0.037,2.55,0
21530,b'FrontS133595',-20.5452,-0.1273,6.786e-10,4.596e-10,1.581e-10,0.047,-3.09,0
21531,b'FrontS133596',14.5461,0.2596,4.958e-14,5.855e-14,6.16e-14,0.036,2.33,0
21532,b'FrontS133597',13.7857,0.8749,4.743e-12,3.844e-12,1.792e-12,0.036,2.21,0
21533,b'FrontS133598',-21.7699,-0.9308,6.092e-12,4.892e-12,2.293e-12,0.053,-3.21,0
21534,b'FrontS133599',-21.3395,0.3296,5.793e-11,4.413e-11,1.886e-11,0.055,-3.11,1
21535,b'FrontS133600',-24.6692,-2.8325,8.273e-11,6.155e-11,2.407e-11,0.057,-3.4,0
21536,b'FrontS133601',12.0259,-0.0218,5.348e-13,5.091e-13,3.183e-13,0.031,1.79,0
21537,b'FrontS133602',-24.23,-0.1046,3.3e-12,2.926e-12,1.654e-12,0.065,-3.21,0
21538,b'FrontS133603',10.5062,-0.0248,5.339e-11,3.888e-11,1.474e-11,0.032,1.55,0
21539,b'FrontS133604',-23.8698,0.0461,2.641e-09,1.834e-09,6.21e-10,0.074,-3.15,0
21540,b'FrontS133605',-22.9009,-0.9739,6.469e-10,4.521e-10,1.588e-10,0.08,-2.96,0
21541,b'FrontS133606',7.0618,-0.1147,1.908e-12,1.666e-12,8.867e-13,0.028,0.98,0
21542,b'FrontS133607',5.0425,0.418,3.532e-08,2.679e-08,1.139e-08,0.027,0.68,1
21543,b'FrontS133608',4.231,0.2731,1.815e-11,1.329e-11,5.108e-12,0.028,0.57,0
21544,b'FrontS133609',-11.1735,1.3984,3.502e-10,2.608e-10,1.087e-10,0.101,-1.54,0
21545,b'FrontS133610',1.6618,0.3253,1.449e-11,1.064e-11,4.079e-12,0.028,0.22,0
21546,b'FrontS133611',-1.2584,1.8701,1.482e-11,2.812e-11,7.255e-11,0.126,-0.16,0
21547,b'FrontS133612',4.8606,0.4676,5.805e-10,4.242e-10,1.628e-10,0.131,0.65,0
21548,b'FrontS133613',13.3245,2.9406,8.447e-10,6.089e-10,2.345e-10,0.134,1.69,0
21549,b'FrontS133614',-3.6798,-0.5677,3.339e-13,3.011e-13,1.817e-13,0.026,-0.48,0
21550,b'FrontS133615',-4.8993,0.1001,3.284e-08,2.647e-08,1.228e-08,0.026,-0.61,1
21551,b'FrontS133616',40.934,-1.4092,2.342e-09,1.572e-09,5.016e-10,0.116,3.69,0
21552,b'FrontS133617',-8.3445,0.2073,1.715e-10,1.171e-10,3.936e-11,0.027,-1.04,0
21553,b'FrontS133618',-9.9519,-0.0436,1.362e-11,1.035e-11,4.332e-12,0.027,-1.22,1
21554,b'FrontS133619',-12.2429,0.2789,7.699e-11,5.56e-11,2.086e-11,0.026,-1.44,0
21555,b'FrontS133620',-13.4931,-0.6572,1.29e-11,1.039e-11,4.751e-12,0.025,-1.51,0
21556,b'FrontS133621',-16.1132,-0.881,1.844e-08,1.335e-08,5.069e-09,0.026,-1.74,0
21557,b'FrontS133623',-19.454,0.2373,2.2e-08,1.523e-08,5.336e-09,0.027,-2.04,0
21558,b'FrontS133624',-22.8405,0.5601,1.529e-12,2.641e-12,5.843e-12,0.028,-2.32,0
21559,b'FrontS133625',-23.41,-0.1312,1.292e-10,9.109e-11,3.294e-11,0.027,-2.38,0
21560,b'FrontS133630',-40.8237,0.7795,5.577e-12,4.214e-12,1.786e-12,0.03,-3.19,0
21561,b'FrontS133631',-43.0365,0.4613,7.42e-12,5.92e-12,2.745e-12,0.031,-3.28,0
21562,b'FrontS133632',-44.0602,-0.2445,1.609e-16,3.114e-16,8.741e-16,0.032,-3.37,0
21563,b'FrontS133637',31.8713,-0.1681,4.13e-10,2.786e-10,9.246e-11,0.025,2.6,0
21564,b'FrontS133638',28.3857,0.5689,6.053e-12,4.785e-12,2.085e-12,0.025,2.47,1
21565,b'FrontS133639',24.7553,-0.2454,1.054e-12,1.611e-12,2.755e-12,0.025,2.26,0
21566,b'FrontS133641',22.0531,-0.7442,6.813e-12,5.208e-12,2.184e-12,0.024,2.02,1
21567,b'FrontS133642',20.2668,-0.0793,1.912e-11,1.411e-11,5.59e-12,0.022,1.82,0
21568,b'FrontS133643',16.816,-0.2572,1.922e-12,1.535e-12,7.152e-13,0.023,1.57,0
21569,b'FrontS133644',15.0389,0.0909,2.745e-11,1.84e-11,6.103e-12,0.022,1.37,0
21570,b'FrontS133649',6.2076,-0.1372,8.797e-13,1.392e-12,2.548e-12,0.02,0.58,0
21571,b'FrontS133652',0.2894,-0.1332,1.385e-11,1.023e-11,3.939e-12,0.02,0.03,0
21572,b'FrontS133658',-12.4108,0.1011,4.63e-14,4.918e-14,3.851e-14,0.021,-1.1,0
21573,b'FrontS133662',-23.2415,-0.1826,2.471e-11,1.832e-11,7.552e-12,0.02,-1.83,0
21574,b'FrontS133663',-27.4153,0.0609,4.199e-12,3.175e-12,1.299e-12,0.02,-2.04,1
21575,b'FrontS133664',-28.5045,0.0612,4.158e-12,3.231e-12,1.417e-12,0.019,-2.11,1
21576,b'FrontS133665',-31.1754,0.0433,2.747e-12,2.135e-12,9.377e-13,0.02,-2.23,1
21577,b'FrontS133666',-33.5045,0.2512,6.67e-12,5.155e-12,2.216e-12,0.021,-2.34,1
21578,b'FrontS133679',39.0466,0.4725,1.664e-11,1.233e-11,4.806e-12,0.019,2.45,0
21579,b'FrontS133682',26.1512,-0.0616,5.963e-09,4.118e-09,1.37e-09,0.018,1.85,0
21580,b'FrontS133684',20.1926,0.2271,1.298e-12,1.062e-12,5.18e-13,0.017,1.51,0
21581,b'FrontS133685',19.4376,-0.2105,1.162e-10,7.811e-11,2.543e-11,0.017,1.46,0
21582,b'FrontS133695',-4.4697,0.0839,6.397e-15,7.514e-15,7.598e-15,0.015,-0.35,0
21583,b'FrontS133698',-11.97,-0.3162,7.859e-12,5.677e-12,2.181e-12,0.015,-0.9,0
21584,b'FrontS133699',-14.6048,-0.0638,3.808e-12,2.784e-12,1.123e-12,0.015,-1.08,0
21585,b'FrontS133700',-17.0957,-0.2014,5.17e-09,3.803e-09,1.457e-09,0.015,-1.23,0
21586,b'FrontS133701',-18.5361,0.4551,1.881e-11,1.347e-11,4.983e-12,0.015,-1.32,0
21587,b'FrontS133703',-26.5422,0.0497,2.106e-12,1.681e-12,7.834e-13,0.015,-1.76,0
21588,b'FrontS133705',-34.69,-0.4969,9.81e-15,1.15e-14,1.112e-14,0.015,-2.1,0
21589,b'FrontS133706',-39.1336,-0.4026,1.244e-12,3.212e-12,1.716e-11,0.016,-2.29,0
21590,b'FrontS133726',21.9246,-0.1092,7.764e-15,9.187e-15,9.065e-15,0.014,1.42,0
21591,b'FrontS133727',17.8125,0.4244,2.734e-13,2.38e-13,1.267e-13,0.013,1.19,0
21592,b'FrontS133729',12.9005,-0.0362,6.694e-12,4.877e-12,1.894e-12,0.014,0.91,0
21593,b'FrontS133734',-0.0375,-0.4133,1.116e-14,1.168e-14,9.07e-15,0.013,-0.0,0
21594,b'FrontS133735',-7.0058,0.4438,2.225e-16,1.497e-16,4.912e-17,0.04,-1.82,0
21595,b'FrontS133736',8.4959,-2.9637,8.696e-18,2.126e-17,1.013e-16,0.048,2.2,0
21596,b'FrontS133737',10.4919,1.4208,3.275e-12,6.037e-12,1.512e-11,0.046,2.58,0
21597,b'FrontS133738',10.2025,0.6366,3.43e-12,2.762e-12,1.285e-12,0.046,2.51,0
21598,b'FrontS133739',-8.4414,-2.1731,3.072e-18,7.556e-18,3.5e-17,0.042,-2.11,0
21599,b'FrontS133740',10.0234,-3.4351,1.623e-14,2.178e-14,2.882e-14,0.045,2.53,0
21600,b'FrontS133741',13.0605,1.9218,2.538e-18,8.084e-18,6.339e-17,0.044,2.66,0
21601,b'FrontS133742',-13.2132,1.2423,9.911e-12,8.112e-12,3.797e-12,0.042,-2.55,0
21602,b'FrontS133743',12.9522,1.6715,3.831e-13,3.832e-13,2.761e-13,0.044,2.6,0
21603,b'FrontS133744',13.5119,1.2074,2.406e-16,4.663e-16,1.322e-15,0.042,2.56,0
21604,b'FrontS133745',-15.9778,-0.7884,8.091e-14,8.807e-14,7.769e-14,0.043,-2.83,0
21605,b'FrontS133746',14.0129,-0.4036,6.279e-12,5.126e-12,2.47e-12,0.04,2.52,0
21606,b'FrontS133747',14.6088,0.5741,1.546e-13,1.771e-13,1.685e-13,0.039,2.55,0
21607,b'FrontS133748',-18.3306,-1.3783,1.381e-12,1.273e-12,7.743e-13,0.047,-3.0,0
21608,b'FrontS133749',12.4858,1.8271,1.172e-12,2.573e-12,9.332e-12,0.038,2.29,0
21609,b'FrontS133750',13.0278,-0.2193,2.145e-13,2.306e-13,1.959e-13,0.037,2.28,0
21610,b'FrontS133751',-18.6489,-0.6012,1.209e-11,1.005e-11,5.059e-12,0.049,-2.97,0
21611,b'FrontS133752',-19.1172,0.6813,3.896e-12,3.428e-12,1.906e-12,0.051,-3.03,0
21612,b'FrontS133753',12.689,-0.5989,1.151e-12,2.775e-12,1.189e-11,0.035,2.02,0
21613,b'FrontS133754',9.8871,-0.0747,6.225e-12,4.944e-12,2.255e-12,0.035,1.73,0
21614,b'FrontS133755',-23.2407,-0.6613,5.744e-15,9.138e-15,1.77e-14,0.058,-3.29,0
21615,b'FrontS133756',11.1996,0.2688,1.873e-11,5.734e-11,4.287e-10,0.034,1.8,0
21616,b'FrontS133757',9.9331,-0.0055,1.282e-12,1.153e-12,6.815e-13,0.034,1.6,0
21617,b'FrontS133758',10.7055,-0.8129,2.013e-16,3.756e-16,9.749e-16,0.033,1.65,0
21618,b'FrontS133759',8.8888,0.0983,1.152e-15,1.812e-15,3.296e-15,0.032,1.39,0
21619,b'FrontS133760',8.2766,1.5867,8.323e-11,5.677e-11,1.935e-11,0.033,1.36,0
21620,b'FrontS133761',-24.2474,-4.5235,6.582e-13,6.875e-13,5.503e-13,0.07,-3.24,0
21621,b'FrontS133762',7.5439,-0.4107,6.369e-14,6.789e-14,5.726e-14,0.031,1.14,0
21622,b'FrontS133763',-18.7613,-1.2842,1.198e-11,1.029e-11,5.62e-12,0.084,-2.54,0
21623,b'FrontS133764',6.4134,0.8424,5.091e-16,8.879e-16,2.018e-15,0.031,1.0,0
21624,b'FrontS133765',5.4823,1.139,1.413e-10,9.4e-11,3.11e-11,0.029,0.78,0
21625,b'FrontS133766',3.719,1.2772,3.317e-12,2.637e-12,1.17e-12,0.028,0.53,0
21626,b'FrontS133767',-12.7336,-5.7456,6.022e-16,1.298e-15,4.64e-15,0.104,-1.77,0
21627,b'FrontS133768',-8.8773,0.6211,3.514e-07,2.489e-07,9.034e-08,0.09,-1.31,0
21628,b'FrontS133769',1.8631,0.2538,7.443e-12,5.752e-12,2.498e-12,0.03,0.28,1
21629,b'FrontS133770',0.6778,0.9067,5.653e-15,7.453e-15,9.298e-15,0.026,0.09,0
21630,b'FrontS133771',-0.4358,0.4666,1.297e-14,1.617e-14,1.842e-14,0.028,-0.06,0
21631,b'FrontS133772',-1.2445,2.085,5.31e-14,5.935e-14,5.512e-14,0.027,-0.16,0
21632,b'FrontS133773',-2.071,-0.643,1.429e-08,9.833e-09,3.403e-09,0.027,-0.28,0
21633,b'FrontS133774',15.468,0.6807,2.354e-11,4.051e-11,8.996e-11,0.121,1.99,0
21634,b'FrontS133775',24.3743,1.1167,8.273e-11,6.867e-11,3.338e-11,0.132,2.72,0
21635,b'FrontS133776',23.6135,4.149,1.253e-12,1.302e-12,1.003e-12,0.106,2.8,0
21636,b'FrontS133777',-6.3957,2.1864,2.133e-13,2.14e-13,1.585e-13,0.028,-0.82,0
21637,b'FrontS133778',32.532,0.3199,1.085e-11,9.894e-12,5.956e-12,0.106,3.39,0
21638,b'FrontS133779',-7.7164,0.6166,1.037e-14,1.322e-14,1.556e-14,0.027,-0.98,0
21639,b'FrontS133780',-10.5561,0.8214,1.278e-14,1.565e-14,1.79e-14,0.027,-1.32,0
21640,b'FrontS133781',36.856,-3.3362,2.042e-11,1.698e-11,8.792e-12,0.075,3.79,0
21641,b'FrontS133783',-14.7568,0.3854,3.918e-15,5.538e-15,8.099e-15,0.027,-1.67,0
21642,b'FrontS133785',-18.8395,1.0908,5.221e-14,5.906e-14,5.342e-14,0.027,-2.03,0
21643,b'FrontS133787',-17.3162,-2.0308,2.011e-14,2.664e-14,3.466e-14,0.029,-2.08,0
21644,b'FrontS133793',-28.167,0.2537,4.208e-16,7.617e-16,1.816e-15,0.03,-2.79,0
21645,b'FrontS133794',-28.4221,0.4133,4.353e-13,3.906e-13,2.273e-13,0.031,-2.91,0
21646,b'FrontS133797',43.7832,-2.5515,2.552e-13,2.519e-13,1.782e-13,0.035,3.44,0
21647,b'FrontS133798',-38.8512,1.4817,1.177e-16,8.017e-17,2.756e-17,0.034,-3.32,0
21648,b'FrontS133799',-44.1106,-1.0662,1.794e-14,2.239e-14,2.568e-14,0.033,-3.44,0
21649,b'FrontS133801',39.5372,0.5877,3.969e-11,3.016e-11,1.292e-11,0.03,3.14,0
21650,b'FrontS133804',35.0799,0.9789,9.007e-12,6.884e-12,2.887e-12,0.027,2.84,1
21651,b'FrontS133806',29.6377,-0.8864,2.494e-12,4.258e-12,9.119e-12,0.025,2.54,0
21652,b'FrontS133807',24.0186,0.0339,5.599e-14,5.897e-14,4.746e-14,0.025,2.25,0
21653,b'FrontS133809',26.5911,-1.5567,6.183e-17,1.264e-16,4.096e-16,0.023,2.28,0
21654,b'FrontS133810',23.7414,-0.4975,7.593e-12,5.793e-12,2.385e-12,0.023,2.04,1
21655,b'FrontS133815',14.5949,0.4936,6.921e-13,6.308e-13,3.681e-13,0.02,1.33,1
21656,b'FrontS133818',12.325,0.4047,9.427e-13,7.946e-13,4.038e-13,0.022,1.19,0
21657,b'FrontS133819',10.2598,0.0668,3.244e-13,2.867e-13,1.543e-13,0.021,0.95,0
21658,b'FrontS133823',3.7526,-0.0261,2.298e-13,2.062e-13,1.181e-13,0.021,0.36,0
21659,b'FrontS133824',2.3326,0.5991,4.775e-13,9.193e-13,2.629e-12,0.022,0.24,0
21660,b'FrontS133825',0.9316,0.8834,4.446e-14,5.035e-14,4.647e-14,0.02,0.1,0
21661,b'FrontS133826',-0.5358,1.1301,1.982e-14,2.207e-14,2.024e-14,0.021,-0.05,0
21662,b'FrontS133827',-1.8917,-0.7639,3.132e-16,5.01e-16,9.243e-16,0.022,-0.19,0
21663,b'FrontS133828',-3.3371,-1.2352,1.13e-14,1.383e-14,1.511e-14,0.02,-0.33,0
21664,b'FrontS133829',-4.3592,0.0351,3.322e-12,2.712e-12,1.33e-12,0.02,-0.41,0
21665,b'FrontS133830',-5.7454,-0.9174,3.76e-17,7.453e-17,2.188e-16,0.018,-0.51,0
21666,b'FrontS133831',-9.2067,-0.2698,2.19e-13,1.984e-13,1.204e-13,0.019,-0.84,0
21667,b'FrontS133835',-15.4017,-0.032,7.188e-13,6.367e-13,3.642e-13,0.019,-1.3,0
21668,b'FrontS133836',-17.6694,0.0538,4.759e-14,5.026e-14,4.139e-14,0.021,-1.55,0
21669,b'FrontS133837',-17.2871,0.3025,2.3750000000000003e-20,9.275000000000001e-20,1.085e-18,0.019,-1.41,0
21670,b'FrontS133841',-24.424,0.1573,7.283e-18,1.631e-17,6.288e-17,0.021,-1.91,0
21671,b'FrontS133842',-26.7411,-1.0657,7.589e-14,7.876e-14,6.14e-14,0.02,-2.05,0
21672,b'FrontS133843',-28.9006,-0.7736,1.924e-13,1.837e-13,1.208e-13,0.021,-2.17,0
21673,b'FrontS133845',-31.8454,1.0179,1.679e-13,1.599e-13,1.028e-13,0.021,-2.29,0
21674,b'FrontS133846',-37.24,-0.3765,3.119e-13,2.988e-13,1.936e-13,0.02,-2.5,0
21675,b'FrontS133847',-41.2689,0.463,4.629e-11,3.257e-11,1.17e-11,0.02,-2.64,0
21676,b'FrontS133861',38.2229,0.8424,1.134e-13,1.126e-13,7.95e-14,0.018,2.42,0
21677,b'FrontS133864',32.8483,0.5728,1.913e-15,2.541e-15,3.255e-15,0.018,2.16,0
21678,b'FrontS133865',27.2855,0.0717,8.413e-16,1.155e-15,1.591e-15,0.018,1.94,0
21679,b'FrontS133866',29.3925,-0.08,2.711e-14,2.925e-14,2.533e-14,0.018,2.05,0
21680,b'FrontS133868',23.4317,-0.7287,4.746e-14,4.817e-14,3.63e-14,0.017,1.72,0
21681,b'FrontS133869',21.6943,0.1726,2.875e-12,2.193e-12,9.354e-13,0.016,1.57,1
21682,b'FrontS133870',18.284,1.6966,7.749e-09,5.427e-09,1.965e-09,0.019,1.46,0
21683,b'FrontS133871',18.442,0.6562,1.009e-11,7.683e-12,3.21e-12,0.017,1.4,0
21684,b'FrontS133872',17.7188,-0.6125,2.554e-18,6.474e-18,3.307e-17,0.016,1.36,0
21685,b'FrontS133874',10.1569,0.6161,2.536e-19,7.657e-19,5.377e-18,0.015,0.79,0
21686,b'FrontS133876',8.3703,-0.4156,1.053e-17,2.263e-17,7.595e-17,0.016,0.67,0
21687,b'FrontS133879',2.4465,0.8108,2.464e-17,1.734e-17,6.271e-18,0.015,0.2,0
21688,b'FrontS133880',1.0124,-0.327,1.334e-13,2.822e-13,1.003e-12,0.015,0.08,0
21689,b'FrontS133881',-0.8324,-0.2922,7.309e-13,5.809e-13,2.743e-13,0.016,-0.07,0
21690,b'FrontS133883',-4.3086,0.1692,8.824e-16,1.195e-15,1.678e-15,0.014,-0.33,0
21691,b'FrontS133885',-8.0327,0.4071,1.248e-08,9.745e-09,4.34e-09,0.017,-0.65,1
21692,b'FrontS133886',-9.2969,1.0386,4.112e-14,4.228e-14,3.286e-14,0.014,-0.69,0
21693,b'FrontS133889',-12.6674,-0.1704,1.704e-12,1.283e-12,5.328e-13,0.014,-0.94,1
21694,b'FrontS133892',-21.8566,0.0873,2.694e-16,4.436e-16,9.137e-16,0.015,-1.56,0
21695,b'FrontS133893',-24.5987,0.3593,1.666e-15,2.3e-15,3.227e-15,0.015,-1.68,0
21696,b'FrontS133895',-26.0119,-0.4952,1.361e-12,1.106e-12,5.242e-13,0.015,-1.75,0
21697,b'FrontS133897',-34.3703,0.1001,4.428e-13,3.692e-13,1.852e-13,0.016,-2.15,0
21698,b'FrontS133898',-35.215,-0.5778,7.229e-13,6.134e-13,3.093e-13,0.016,-2.15,0
21699,b'FrontS133917',39.9479,0.2758,2.766e-13,4.462e-13,8.751e-13,0.015,2.22,0
21700,b'FrontS133919',31.449,0.3057,8.084e-15,9.811e-15,1.035e-14,0.016,1.97,0
21701,b'FrontS133920',27.234,0.7931,7.443e-20,2.265e-19,1.645e-18,0.014,1.72,0
21702,b'FrontS133923',19.8908,0.4433,1.18e-13,1.13e-13,7.518e-14,0.013,1.36,0
21703,b'FrontS133924',22.921,-0.1038,1.016e-13,1.615e-13,2.982e-13,0.013,1.47,0
21704,b'FrontS133929',10.2986,-0.0708,1.584e-17,1.095e-17,3.832e-18,0.012,0.73,0
21705,b'FrontS133930',9.9419,-0.0289,2.029e-16,3.195e-16,5.943e-16,0.013,0.7,0
21706,b'FrontS133932',6.2955,0.5791,1.307e-14,1.467e-14,1.372e-14,0.013,0.46,0
21707,b'FrontS133933',4.8653,0.0019,7.637e-18,1.563e-17,4.81e-17,0.014,0.37,0
21708,b'FrontS133936',-1.2095,-0.0415,5.729e-15,6.841e-15,6.924e-15,0.015,-0.1,0
21709,b'FrontS133937',-2.8804,-0.4717,1.246e-11,8.838e-12,3.202e-12,0.012,-0.21,0
21710,b'FrontS133938',-5.0003,0.1199,1.435e-12,1.119e-12,4.986e-13,0.012,-0.36,1
11317,b'LeftS132908',25.9304,3.7482,4.88e-14,6.576e-14,8.711e-14,0.088,-4.48,0
11318,b'LeftS132917',24.4396,-1.5757,3.652e-17,2.536e-17,8.751e-18,0.018,-3.06,0
11319,b'LeftS132920',-13.2288,0.817,8.056e-13,1.221e-12,2.018e-12,0.029,-3.36,0
11320,b'LeftS132945',28.2523,-1.6643,3.343e-14,3.922e-14,3.88e-14,0.029,-3.53,0
11321,b'LeftS132947',10.4065,0.4032,1.728e-14,1.912e-14,1.723e-14,0.013,-2.99,0
11322,b'LeftS132992',0.0689,-3.8807,2.047e-19,8.101e-19,1.028e-17,0.052,-4.22,0
11323,b'LeftS132998',43.7377,1.8305,1.286e-17,2.917e-17,1.156e-16,0.023,-2.88,0
11324,b'LeftS133004',26.4279,1.9223,9.204e-15,1.261e-14,1.746e-14,0.032,-3.64,0
11325,b'LeftS133005',-16.086,5.0942,9.007e-17,1.982e-16,7.525e-16,0.058,-3.73,0
11326,b'LeftS133008',28.1945,0.8911,4.633e-16,7.329e-16,1.341e-15,0.018,-2.95,0
11327,b'LeftS133035',12.5125,-6.4861,2.313e-14,3.325e-14,5.171e-14,0.09,-4.62,0
11328,b'LeftS133039',35.518,-1.2032,1.762e-14,1.882e-14,1.544e-14,0.014,-2.54,0
11329,b'LeftS133085',22.156,-0.8007,5.813e-14,6.101e-14,4.9e-14,0.017,-3.08,0
11330,b'LeftS133088',-17.8686,-3.0648,4.812e-14,5.982e-14,6.741e-14,0.056,-3.69,0
11331,b'LeftS133090',31.1888,4.3061,1.827e-17,4.161e-17,1.688e-16,0.039,-3.84,0
11332,b'LeftS133093',26.0762,0.1261,1.874e-14,2.282e-14,2.429e-14,0.039,-3.99,0
11333,b'LeftS133106',1.4687,-0.3855,4.194e-14,5.876e-14,8.217e-14,0.087,-4.51,0
11334,b'LeftS133110',30.7864,1.713,3.202e-19,8.738e-19,5.022e-18,0.021,-3.15,0
11335,b'LeftS133113',40.7806,-5.0102,4.855e-17,9.418e-17,2.684e-16,0.039,-3.79,0
11336,b'LeftS133118',30.594,4.3115,5.035e-18,1.518e-17,1.093e-16,0.045,-4.0,0
11337,b'LeftS133128',-19.1342,-1.5605,5.371e-17,1.093e-16,3.285e-16,0.02,-2.96,0
11338,b'LeftS133141',15.9207,0.7518,3.183e-13,5.379e-13,1.156e-12,0.019,-3.3,0
11339,b'LeftS133165',43.2138,-0.301,8.9e-13,1.525e-12,3.364e-12,0.04,-3.8,0
11340,b'LeftS133170',2.7986,-0.1822,9.718e-18,2.009e-17,6.473e-17,0.012,-2.93,0
11341,b'LeftS133186',-2.3754,-0.9155,3.285e-14,3.297e-14,2.424e-14,0.013,-3.03,0
11342,b'LeftS133214',3.4654,-0.9333,9.486e-13,1.643e-12,3.73e-12,0.037,-3.96,0
11343,b'LeftS133240',37.6494,1.3623,4.969e-15,5.827e-15,5.658e-15,0.012,-2.42,0
11344,b'LeftS133253',36.4889,-1.5167,2.443e-16,4.218e-16,9.057e-16,0.025,-3.15,0
11345,b'LeftS133259',-1.912,-0.7161,1.158e-15,1.803e-15,3.127e-15,0.026,-3.56,0
11346,b'LeftS133262',-17.1963,-1.8414,2.014e-16,1.401e-16,4.889e-17,0.045,-3.59,0
11347,b'LeftS133267',35.5343,0.5252,7.816e-18,2.143e-17,1.271e-16,0.056,-4.18,0
11348,b'LeftS133280',28.0255,3.2128,6.011e-17,1.227e-16,3.747e-16,0.044,-4.02,0
11349,b'LeftS133282',24.249,1.7519,8.298000000000001e-20,2.958e-19,3.105e-18,0.026,-3.45,0
11350,b'LeftS133297',40.0016,-1.4389,3.478e-17,8.245e-17,3.522e-16,0.034,-3.63,0
11351,b'LeftS133311',8.769,4.0135,6.025e-19,1.848e-18,1.404e-17,0.052,-4.26,0
11352,b'LeftS133338',41.6184,13.0125,3.753e-16,7.67e-16,2.517e-15,0.088,-3.98,0
11353,b'LeftS133350',5.1577,-0.5775,2.573e-14,3.451e-14,4.415e-14,0.056,-4.3,0
11354,b'LeftS133373',39.1829,-0.1198,2.388e-12,3.581e-12,5.935e-12,0.043,-3.92,0
11355,b'LeftS133387',29.3103,30.5409,5.994e-13,6.044e-13,4.548e-13,0.052,-3.66,0
11356,b'LeftS133508',25.2521,19.6851,9.953e-19,3.773e-18,4.175e-17,0.056,-4.02,0
11357,b'LeftS133633',41.1848,0.2216,5.849e-13,5.666e-13,3.938e-13,0.034,-3.53,0
11358,b'LeftS133634',36.4698,0.3351,3.538e-11,2.639e-11,1.1e-11,0.035,-3.66,0
11359,b'LeftS133635',32.0718,0.4345,4.194e-13,7.505e-13,1.765e-12,0.035,-3.74,0
11360,b'LeftS133636',30.0979,0.4979,6.955e-11,5.025e-11,1.888e-11,0.038,-3.85,0
11361,b'LeftS133640',16.6671,0.1495,4.768e-11,3.582e-11,1.446e-11,0.047,-4.24,0
11362,b'LeftS133645',0.4711,0.5535,3.312e-10,2.362e-10,8.518e-11,0.07,-4.37,0
11363,b'LeftS133646',-7.5857,-1.0845,1.364e-11,3.448e-11,1.728e-10,0.083,-4.33,0
11364,b'LeftS133647',-13.2408,-2.1958,1.334e-11,2.055e-11,3.746e-11,0.095,-4.15,0
11365,b'LeftS133648',-18.632,-0.8194,1.466e-10,1.11e-10,4.645e-11,0.101,-3.96,1
11366,b'LeftS133650',-43.0696,-1.0959,2.96e-10,2.331e-10,1.028e-10,0.15,-3.11,1
11367,b'LeftS133669',39.3136,0.2724,1.567e-08,1.129e-08,4.291e-09,0.022,-2.85,0
11368,b'LeftS133670',37.5063,0.0054,4.642e-12,3.6e-12,1.569e-12,0.022,-2.95,1
11369,b'LeftS133671',31.136,-0.6995,1.063e-10,7.222e-11,2.348e-11,0.021,-3.07,0
11370,b'LeftS133672',29.8503,-0.0304,9.611e-13,8.168e-13,4.172e-13,0.024,-3.18,0
11371,b'LeftS133673',26.993,0.0069,6.565e-12,5.037e-12,2.256e-12,0.025,-3.33,1
11372,b'LeftS133676',15.7857,-0.091,3.126e-11,2.193e-11,7.737e-12,0.025,-3.57,0
11373,b'LeftS133678',7.1978,-0.3925,5.149e-13,4.65e-13,2.813e-13,0.025,-3.62,0
11374,b'LeftS133680',1.6151,0.7637,1.037e-10,7.044e-11,2.383e-11,0.03,-3.69,0
11375,b'LeftS133681',-1.5834,-0.5872,1.579e-09,1.019e-09,3.138e-10,0.032,-3.75,0
11376,b'LeftS133683',-15.5322,-0.3265,2.071e-10,1.451e-10,5.175e-11,0.032,-3.38,0
11377,b'LeftS133686',-29.1127,0.1622,2.408e-10,1.634e-10,5.293e-11,0.038,-3.01,0
11378,b'LeftS133687',-40.6071,-2.14,4.021e-11,3.052e-11,1.276e-11,0.042,-2.71,1
11379,b'LeftS133707',44.9598,0.1202,9.269e-11,6.298e-11,2.12e-11,0.015,-2.39,0
11380,b'LeftS133711',29.3504,-0.0726,1.914e-12,1.467e-12,6.302e-13,0.018,-2.88,0
11381,b'LeftS133712',26.7722,0.6617,1.74e-13,3.353e-13,9.226e-13,0.019,-2.98,0
11382,b'LeftS133713',21.568,-0.4539,4.659e-11,3.171e-11,1.106e-11,0.018,-3.06,0
11383,b'LeftS133715',14.6742,0.5687,6.874e-12,5.05e-12,2.042e-12,0.019,-3.23,0
11384,b'LeftS133718',2.734,-0.1923,2.088e-13,3.498e-13,7.268e-13,0.021,-3.33,0
11385,b'LeftS133719',1.1841,0.3506,2.042e-13,1.918e-13,1.245e-13,0.019,-3.28,0
11386,b'LeftS133720',-4.1991,0.4679,6.548e-13,1.189e-12,2.94e-12,0.022,-3.32,0
11387,b'LeftS133721',-5.8291,-0.2456,3.769e-12,2.969e-12,1.357e-12,0.021,-3.32,1
11388,b'LeftS133722',-11.0968,-0.5303,3.45e-13,5.378e-13,9.627e-13,0.022,-3.23,0
11389,b'LeftS133723',-16.64,0.2626,2.686e-11,1.931e-11,7.238e-12,0.023,-3.12,0
11390,b'LeftS133724',-20.7168,-0.1627,3.368e-11,2.518e-11,9.784e-12,0.025,-3.07,0
11391,b'LeftS133725',-26.3203,-0.0631,2.035e-11,1.528e-11,6.115e-12,0.025,-2.88,0
11392,b'LeftS133800',43.2162,1.9344,6.487e-13,5.937e-13,3.776e-13,0.034,-3.56,0
11393,b'LeftS133802',33.8746,-3.5859,4.361e-08,3.118e-08,1.145e-08,0.035,-3.73,0
11394,b'LeftS133803',34.2345,-0.1696,9.223e-12,7.698e-12,3.823e-12,0.039,-3.87,0
11395,b'LeftS133805',30.5581,-0.901,1.128e-13,1.158e-13,9.094e-14,0.038,-3.85,0
11396,b'LeftS133808',22.1703,-0.8227,4.885e-11,3.664e-11,1.452e-11,0.048,-4.22,0
11397,b'LeftS133811',15.9767,1.0675,1.138e-11,9.839e-12,5.326e-12,0.047,-4.27,0
11398,b'LeftS133812',8.1122,-0.7525,1.846e-15,3.185e-15,7.093e-15,0.059,-4.35,0
11399,b'LeftS133814',20.3415,1.4927,1.78e-15,3.039e-15,6.434e-15,0.06,-4.41,0
11400,b'LeftS133816',-0.3977,-2.703,1.135e-13,1.443e-13,1.723e-13,0.073,-4.42,0
11401,b'LeftS133817',11.1651,4.9913,8.419e-12,7.582e-12,4.277e-12,0.078,-4.47,0
11402,b'LeftS133820',-9.4369,-3.8751,6.559e-12,6.173e-12,4.042e-12,0.116,-4.39,0
11403,b'LeftS133821',-26.399,0.4554,3.33e-13,4.21e-13,5.067e-13,0.129,-3.76,0
11404,b'LeftS133851',32.5314,-0.6753,2.024e-18,5.169e-18,2.647e-17,0.022,-3.05,0
11405,b'LeftS133852',30.7304,0.9961,3.791e-17,2.775e-17,1.083e-17,0.022,-3.14,0
11406,b'LeftS133857',19.1486,0.1837,4.431e-14,4.666e-14,3.772e-14,0.025,-3.52,0
11407,b'LeftS133858',15.6212,0.2341,9.235e-15,1.185e-14,1.47e-14,0.024,-3.56,0
11408,b'LeftS133859',12.5573,0.6193,3.207e-13,5.2e-13,9.88e-13,0.028,-3.63,0
11409,b'LeftS133860',12.0749,-1.6329,7.836e-13,6.907e-13,3.908e-13,0.029,-3.69,0
11410,b'LeftS133862',3.2368,0.2148,3.911e-15,5.305e-15,7.374e-15,0.028,-3.63,0
11411,b'LeftS133863',-0.5022,-0.948,4.058e-16,7.483e-16,1.887e-15,0.03,-3.68,0
11412,b'LeftS133867',-19.5876,-2.7488,8.057e-19,2.531e-18,1.985e-17,0.035,-3.33,0
11413,b'LeftS133873',-36.5195,-0.9174,1.546e-14,2.108e-14,2.768e-14,0.046,-2.88,0
11414,b'LeftS133901',41.2263,-0.0186,2.433e-15,3.097e-15,3.634e-15,0.016,-2.51,0
11415,b'LeftS133903',35.9226,-0.0228,2.625e-18,5.827e-18,2.272e-17,0.016,-2.68,0
11416,b'LeftS133904',29.8098,0.5386,4.268e-14,4.565e-14,3.681e-14,0.017,-2.83,0
11417,b'LeftS133905',30.0432,0.0948,1.597e-12,1.219e-12,5.275e-13,0.016,-2.83,0
11418,b'LeftS133908',20.6262,0.2971,3.009e-13,4.5e-13,7.482e-13,0.018,-3.14,0
11419,b'LeftS133910',15.7921,-0.0684,7.625e-12,5.746e-12,2.319e-12,0.019,-3.29,0
11420,b'LeftS133911',12.9789,0.1749,6.415e-17,4.268e-17,1.357e-17,0.02,-3.34,0
11421,b'LeftS133912',10.3875,0.3531,2.042e-15,2.717e-15,3.541e-15,0.021,-3.34,0
11422,b'LeftS133913',5.348,0.6116,1.402e-13,1.387e-13,9.808e-14,0.019,-3.3,0
11423,b'LeftS133915',2.7422,-0.2143,1.599e-12,3.462e-12,1.224e-11,0.019,-3.35,0
11424,b'LeftS133916',0.4529,-0.4015,3.819e-14,4.262e-14,3.791e-14,0.02,-3.39,0
11425,b'LeftS133918',-8.2842,-0.9078,1.64e-13,1.618e-13,1.137e-13,0.024,-3.35,0
11426,b'LeftS133921',-17.763,-0.5775,1.099e-16,2.091e-16,5.733e-16,0.022,-3.04,0
11427,b'LeftS133922',-13.1929,0.5824,4.156e-15,5.445e-15,6.99e-15,0.024,-3.25,0
11428,b'LeftS133925',-30.5558,-2.4699,4.394e-18,1.194e-17,7.177e-17,0.026,-2.78,0
11429,b'LeftS133926',-36.7435,-0.2981,1.04e-14,1.254e-14,1.293e-14,0.026,-2.55,0
11430,b'LeftS133927',-26.6823,0.287,1.213e-11,9.699e-12,4.397e-12,0.032,-3.0,1
8810,b'RightS132916',43.1862,-1.4147,7.521e-14,7.859e-14,6.267e-14,0.028,2.4,0
8811,b'RightS132921',-18.0261,0.179,9.247e-19,2.207e-18,9.787e-18,0.014,2.88,0
8812,b'RightS132925',21.6082,-5.2925,3.828e-12,3.693e-12,2.455e-12,0.088,3.73,0
8813,b'RightS132933',2.2409,-1.0367,1.752e-17,4.22e-17,1.926e-16,0.069,4.29,0
8814,b'RightS132935',30.0659,1.784,1.361e-09,9.129e-10,2.869e-10,0.02,2.64,0
8815,b'RightS132937',-12.6779,-0.0903,2.701e-15,3.615e-15,4.613e-15,0.019,3.28,0
8816,b'RightS132938',-42.2221,-1.5332,8.93e-16,1.524e-15,3.304e-15,0.033,3.44,0
8817,b'RightS132939',-38.513,2.8421,6.992e-16,1.153e-15,2.382e-15,0.036,3.67,0
8818,b'RightS132941',-5.1267,-4.1904,6.924e-14,8.331e-14,9.081e-14,0.062,4.37,0
8819,b'RightS132944',-7.9243,-0.8949,2.432e-14,2.821e-14,2.727e-14,0.032,3.84,0
8820,b'RightS132958',-24.6204,8.6845,1.614e-17,4.106e-17,2.084e-16,0.05,4.26,0
8821,b'RightS132975',-8.7602,-3.7846,6.671e-08,4.609e-08,1.566e-08,0.06,4.34,0
8822,b'RightS132977',-33.0221,0.9804,3.531e-19,1.142e-18,9.666e-18,0.037,3.75,0
8823,b'RightS133011',26.4487,24.8585,3.364e-13,4.495e-13,5.913e-13,0.226,3.6,0
8824,b'RightS133012',-41.1476,1.0988,3.055e-15,4.569e-15,7.302e-15,0.033,3.51,0
8825,b'RightS133019',-15.4901,-0.2121,4.428e-16,8.698e-16,2.515e-15,0.063,4.46,0
8826,b'RightS133023',-12.2142,-0.3745,4.342e-19,1.37e-18,1.09e-17,0.017,3.15,0
8827,b'RightS133041',-43.9993,1.5596,1.163e-17,8.204e-18,2.998e-18,0.012,2.19,0
8828,b'RightS133052',-34.1828,-1.6161,1.7e-08,1.21e-08,4.216e-09,0.021,3.01,0
8829,b'RightS133060',-13.4085,-3.2896,1.286e-14,1.847e-14,2.755e-14,0.051,4.3,0
8830,b'RightS133062',27.0204,3.049,2.159e-12,3.707e-12,8.466e-12,0.04,3.14,0
8831,b'RightS133073',-11.1066,7.9555,3.284e-16,7.819e-16,3.433e-15,0.164,4.65,0
8832,b'RightS133083',16.1305,4.0863,1.629e-17,3.529e-17,1.212e-16,0.026,3.26,0
8833,b'RightS133105',-42.2398,2.7817,3.065e-18,8.075e-18,4.387e-17,0.046,3.96,0
8834,b'RightS133138',-17.9316,0.5206,5.558e-13,4.96e-13,2.839e-13,0.028,3.65,0
8835,b'RightS133139',-27.762,5.008,1.511e-16,3.017e-16,9.138e-16,0.045,4.12,0
8836,b'RightS133150',23.4083,2.5648,3.653e-12,6.087e-12,1.305e-11,0.057,3.5,0
8837,b'RightS133157',-1.8002,2.0574,1.427e-13,1.354e-13,9.215e-14,0.027,3.65,0
8838,b'RightS133160',-43.6267,-0.0378,7.759e-17,1.655e-16,5.544e-16,0.033,3.48,0
8839,b'RightS133162',-20.596,-2.6055,1.756e-15,3.03e-15,6.525e-15,0.055,4.35,0
8840,b'RightS133174',-25.7376,-1.873,2.095e-20,9.399000000000001e-20,1.58e-18,0.045,4.07,0
8841,b'RightS133179',-40.4064,7.2438,1.663e-17,3.843e-17,1.599e-16,0.039,3.76,0
8842,b'RightS133182',-5.197,0.4584,2.565e-17,6.322e-17,3.092e-16,0.066,4.45,0
8843,b'RightS133184',17.3765,1.4126,1.987e-16,3.815e-16,1.067e-15,0.056,3.68,0
8844,b'RightS133185',9.862,-3.9915,1.343e-17,3.434e-17,1.736e-16,0.07,4.07,0
8845,b'RightS133199',-20.6436,-7.2483,7.599e-17,1.539e-16,4.965e-16,0.034,3.79,0
8846,b'RightS133209',15.5219,-1.3043,6.874e-18,2.226e-17,1.9e-16,0.125,4.15,0
8847,b'RightS133250',-30.5668,-4.5832,8.227000000000001e-20,2.922e-19,3.038e-18,0.03,3.54,0
8848,b'RightS133256',17.4974,4.5694,1.334e-16,2.46e-16,6.227e-16,0.056,3.7,0
8849,b'RightS133269',-17.42,-0.2577,2.823e-17,5.527e-17,1.613e-16,0.017,3.08,0
8850,b'RightS133288',-10.0562,-0.8003,2.182e-14,2.442e-14,2.184e-14,0.019,3.27,0
8851,b'RightS133347',44.9661,-2.3626,1.271e-18,3.388e-18,1.861e-17,0.024,2.28,0
8852,b'RightS133360',8.3647,-1.8026,2.131e-18,5.877e-18,3.473e-17,0.05,3.92,0
8853,b'RightS133361',-30.7655,-2.4959,1.201e-11,9.592e-12,4.327e-12,0.045,4.06,1
8854,b'RightS133363',-13.1077,-0.2024,9.931e-18,2.191e-17,8.198e-17,0.018,3.17,0
8855,b'RightS133364',-36.2377,0.1975,1.187e-19,4.697e-19,5.974e-18,0.058,4.22,0
8856,b'RightS133439',-39.305,33.146,5.563e-08,3.964e-08,1.484e-08,0.039,3.55,0
8857,b'RightS133549',-39.9809,9.4238,3.889e-12,4.085e-12,3.219e-12,0.126,3.99,0
8858,b'RightS133622',-31.6974,-0.034,4.88e-12,4.309e-12,2.396e-12,0.064,4.32,0
8859,b'RightS133626',-35.4542,1.8961,9.799e-11,7.15e-11,2.661e-11,0.045,4.01,0
8860,b'RightS133627',-34.6855,-0.3674,5.396e-13,1.001e-12,2.651e-12,0.039,3.88,0
8861,b'RightS133628',-33.8807,0.2297,1.056e-11,8.919e-12,4.548e-12,0.037,3.81,0
8862,b'RightS133629',-38.4363,0.3909,5.67e-13,5.303e-13,3.308e-13,0.036,3.7,0
8863,b'RightS133656',44.3438,1.3318,5.771e-12,1.04e-11,2.574e-11,0.078,2.87,0
8864,b'RightS133657',30.0266,-1.9837,2.545e-09,5.251e-09,1.789e-08,0.077,3.36,0
8865,b'RightS133659',18.243,0.1753,2.512e-14,3.397e-14,4.66e-14,0.061,3.74,0
8866,b'RightS133660',12.3617,0.2693,1.462e-10,1.018e-10,3.635e-11,0.052,3.83,0
8867,b'RightS133661',6.4921,1.932,4.049e-10,2.834e-10,1.019e-10,0.052,4.02,0
8868,b'RightS133667',-11.9914,-0.0187,5.219e-11,3.751e-11,1.433e-11,0.03,3.72,0
8869,b'RightS133668',-15.7802,-0.8542,1.295e-12,1.141e-12,6.393e-13,0.031,3.74,0
8870,b'RightS133674',-30.4396,0.2462,3.649e-11,2.656e-11,1.012e-11,0.021,3.1,0
8871,b'RightS133675',-37.0682,-0.1128,6.977e-13,6.15e-13,3.316e-13,0.022,2.94,0
8872,b'RightS133677',-42.397,-0.9484,1.037e-13,1.032e-13,7.212e-14,0.02,2.72,0
8873,b'RightS133702',20.6435,0.3891,3.756e-12,3.011e-12,1.405e-12,0.03,3.17,0
8874,b'RightS133704',13.4997,0.2169,1.201e-13,1.21e-13,9.284e-14,0.026,3.26,0
8875,b'RightS133708',-2.4728,0.5224,2.166e-11,1.535e-11,5.513e-12,0.021,3.36,0
8876,b'RightS133709',-6.1659,-0.0105,3.533e-12,2.856e-12,1.332e-12,0.025,3.53,0
8877,b'RightS133710',-8.3614,-0.7414,1.453e-11,1.046e-11,3.932e-12,0.02,3.39,0
8878,b'RightS133714',-21.1011,-0.0311,1.069e-13,1.068e-13,7.573e-14,0.018,3.05,0
8879,b'RightS133716',-27.6818,0.1112,2.641e-11,1.823e-11,6.295e-12,0.016,2.88,0
8880,b'RightS133717',-31.7296,0.2072,1.648e-11,1.191e-11,4.532e-12,0.016,2.76,0
8881,b'RightS133782',-35.5813,-0.1076,4.413e-12,6.954e-12,1.253e-11,0.071,4.33,0
8882,b'RightS133784',-40.6399,-0.2732,1.834e-16,1.423e-16,6.221e-17,0.062,4.18,0
8883,b'RightS133786',-36.671,-1.1544,4.31e-16,8.183e-16,2.269e-15,0.054,4.15,0
8884,b'RightS133788',-38.6796,-1.941,2.619e-12,2.434e-12,1.479e-12,0.062,4.23,0
8885,b'RightS133789',-35.9571,-1.1828,9.327e-13,1.589e-12,3.437e-12,0.048,4.08,0
8886,b'RightS133790',-33.8353,-0.3376,1.515e-11,1.158e-11,4.959e-12,0.043,4.01,0
8887,b'RightS133791',-42.4989,-0.1735,2.837e-13,2.997e-13,2.415e-13,0.046,4.0,0
8888,b'RightS133792',-38.2258,-4.0633,2.741e-12,2.304e-12,1.191e-12,0.041,3.86,0
8889,b'RightS133795',-38.8504,1.3062,3.599e-13,4.995e-13,7.032e-13,0.036,3.66,0
8890,b'RightS133796',-41.8671,-1.5161,1.611e-12,1.375e-12,7.109e-13,0.035,3.54,0
8891,b'RightS133832',23.3942,-4.6331,1.021e-13,1.297e-13,1.524e-13,0.08,3.64,0
8892,b'RightS133833',16.0907,-2.7595,3.189e-16,6.51e-16,2.045e-15,0.076,3.91,0
8893,b'RightS133834',16.4677,3.2634,1.036e-11,8.389e-12,3.999e-12,0.064,3.83,0
8894,b'RightS133838',3.4118,-1.0465,1.1e-11,8.955e-12,4.297e-12,0.051,4.05,0
8895,b'RightS133839',3.0409,-1.0807,9.615e-16,1.559e-15,3.153e-15,0.038,3.84,0
8896,b'RightS133840',-0.1716,0.385,5.326e-17,1.06e-16,3.13e-16,0.037,3.9,0
8897,b'RightS133844',-10.4664,1.8438,3.295e-13,3.127e-13,2.12e-13,0.035,3.9,0
8898,b'RightS133848',-18.3369,0.6697,1.206e-11,9.848e-12,4.546e-12,0.029,3.68,0
8899,b'RightS133849',-20.8147,-0.8408,2.365e-14,2.834e-14,2.893e-14,0.028,3.56,0
8900,b'RightS133850',-19.9997,-0.9237,7.735e-18,1.817e-17,7.744e-17,0.024,3.48,0
8901,b'RightS133853',-28.8025,-0.8202,1.368e-19,5.202e-19,6.153e-18,0.024,3.29,0
8902,b'RightS133854',-32.7857,-1.9646,1.804e-13,1.739e-13,1.154e-13,0.024,3.17,0
8903,b'RightS133855',-31.1466,-0.6326,6.759e-12,5.148e-12,2.22e-12,0.021,3.07,1
8904,b'RightS133856',-39.2869,0.8961,1.257e-19,4.126e-19,3.557e-18,0.023,2.97,0
8905,b'RightS133888',44.9764,1.2378,3.731e-17,8.268e-17,3.112e-16,0.039,2.52,0
8906,b'RightS133890',40.4277,2.0061,1.327e-11,9.692e-12,3.776e-12,0.032,2.59,0
8907,b'RightS133891',20.0468,1.4316,1.737e-12,1.461e-12,7.181e-13,0.031,3.23,0
8908,b'RightS133894',9.5331,0.3348,1.111e-14,1.462e-14,1.916e-14,0.03,3.47,0
8909,b'RightS133896',6.4649,0.4221,2.768e-08,2.227e-08,1.025e-08,0.024,3.42,1
8910,b'RightS133899',-3.1391,0.0337,1.118e-12,2.046e-12,5.033e-12,0.025,3.56,0
8911,b'RightS133900',-3.2108,1.1867,1.808e-16,3.242e-16,7.565e-16,0.025,3.5,0
8912,b'RightS133902',-4.0236,0.6751,3.663e-15,4.837e-15,6.169e-15,0.021,3.37,0
8913,b'RightS133906',-13.958,0.4749,2.013e-18,5.151e-18,2.629e-17,0.018,3.24,0
8914,b'RightS133907',-14.8308,-0.395,1.498e-13,2.676e-13,6.597e-13,0.015,3.09,0
8915,b'RightS133909',-23.2692,-1.1914,7.784e-13,6.599e-13,3.515e-13,0.019,3.06,0
8916,b'RightS133914',-34.5194,0.0664,1.374e-13,1.36e-13,9.242e-14,0.016,2.7,0
